,px,broken,dirty,normal,all
0,0.0,0.15362106803218725,0.28653957250144424,0.3580354548096484,0.36838270091449565
1,0.001001001001001001,0.15362106803218725,0.28653957250144424,0.3580354548096484,0.3741926203929593
2,0.002002002002002002,0.20491667053242452,0.33728950820920617,0.4151388034958963,0.38006921300055607
3,0.003003003003003003,0.2622796256433424,0.3656342768401937,0.4461329911055641,0.38599391877309985
4,0.004004004004004004,0.3067423838054725,0.3856850542483013,0.4649841136004751,0.3919827023318541
5,0.005005005005005005,0.3414008244315612,0.39922834465309043,0.48350146764408547,0.3979986881611595
6,0.006006006006006006,0.3718575402804625,0.41265186545571214,0.4965552719201837,0.4040780596856979
7,0.007007007007007007,0.3945737830737033,0.42391668364615437,0.5047235200871357,0.41021057801687877
8,0.008008008008008008,0.4153882287396791,0.4328393241539928,0.5156723133449602,0.4164215056847256
9,0.009009009009009009,0.4291191944717729,0.4423183000836156,0.5231913652214379,0.4226745411175252
10,0.01001001001001001,0.44541679968023845,0.45217422889210096,0.5282819510102557,0.42896081399124963
11,0.011011011011011011,0.45667693982196583,0.45773361823484315,0.5342767796987921,0.4353362113981134
12,0.012012012012012012,0.47168510226131993,0.46462123078025197,0.5407976684881323,0.44178579370583865
13,0.013013013013013013,0.4839266799641472,0.4693353858127804,0.5456733936710941,0.4482859487252098
14,0.014014014014014014,0.49377200247866554,0.4738381646426296,0.5488752909275776,0.45485547168343166
15,0.015015015015015015,0.4974540936962818,0.4778296641460797,0.5523855661811129,0.46144897239745775
16,0.016016016016016016,0.5108743537714416,0.4816695033745938,0.557624180181656,0.46809133719879975
17,0.017017017017017015,0.5162779890906953,0.4861683096449961,0.5617193834421799,0.474795030105726
18,0.018018018018018018,0.5244819377609425,0.48944112005211143,0.5670939895115478,0.4815707190701928
19,0.01901901901901902,0.5292263059022232,0.4940092953661268,0.5719633152687674,0.4883970126932711
20,0.02002002002002002,0.5374181121755444,0.4974748813447404,0.57378428049649,0.49526995777087374
21,0.02102102102102102,0.5438535677811899,0.5032544978364932,0.5762727674396879,0.50215262725673
22,0.022022022022022022,0.550576955782796,0.5048562971084056,0.5804243594382285,0.5090720666100335
23,0.023023023023023025,0.5545675869257087,0.5079090420640034,0.5852222254558695,0.5160290226152298
24,0.024024024024024024,0.5624031634916604,0.5097309127898849,0.588299992406678,0.5230021374611408
25,0.025025025025025023,0.5695610342214057,0.5127081043263919,0.5918951861201255,0.5300071047740029
26,0.026026026026026026,0.5776932498296786,0.513534277198523,0.5958862485200227,0.5370441070833019
27,0.02702702702702703,0.5836787701084232,0.5166216679445578,0.5970143262525938,0.5441080652733313
28,0.028028028028028028,0.587250678553727,0.5186748901654127,0.5987505098233451,0.5501477261884746
29,0.029029029029029027,0.5916858436496325,0.521607622304474,0.6011865138785719,0.5554485252513779
30,0.03003003003003003,0.593167250311417,0.524261912051993,0.6012127648636026,0.5602101831631067
31,0.031031031031031032,0.5942601383165381,0.528734001136222,0.6053457991448931,0.5645802872363277
32,0.03203203203203203,0.597610792685057,0.5306185967294483,0.6082420105994528,0.5685931707208495
33,0.03303303303303303,0.6033855667206439,0.532999681554349,0.6120827802488504,0.5723645468737207
34,0.03403403403403403,0.605186048815058,0.5348804918319108,0.6148439759146492,0.575906628801069
35,0.035035035035035036,0.6064533140302023,0.53708719598101,0.6164553350119014,0.5792847055098298
36,0.036036036036036036,0.6153061351540444,0.5388734353245772,0.6194523281148118,0.5824860144503009
37,0.037037037037037035,0.6217276734614354,0.5409716281468303,0.6222828868169833,0.585556885715272
38,0.03803803803803804,0.623066661688494,0.543954594593079,0.6256985570254936,0.588456990062743
39,0.03903903903903904,0.6281479114654306,0.5466344258112736,0.6285507706745199,0.5912346427069645
40,0.04004004004004004,0.6303520489631773,0.5469739526892291,0.629675702936874,0.5939363310430722
41,0.04104104104104104,0.6342540668755312,0.5488057481706717,0.6314180949023951,0.596596952236844
42,0.04204204204204204,0.6383244650798416,0.5507239013042899,0.6348127437188545,0.5991628981745175
43,0.043043043043043044,0.6446532256850179,0.5512652554262325,0.63895802579546,0.601676970769229
44,0.044044044044044044,0.6503350162513466,0.5519462390727283,0.6403377643501901,0.6041090437703385
45,0.04504504504504504,0.6551491616966725,0.5524287865782633,0.6421787439415323,0.6064779645144542
46,0.04604604604604605,0.651570767768018,0.5544987202126994,0.6451750386985672,0.6087866606733479
47,0.04704704704704705,0.654709855426689,0.5557204659298708,0.6464399950421583,0.61103747617618
48,0.04804804804804805,0.6580727781023179,0.556552803878513,0.6479847821574903,0.6132764064455879
49,0.04904904904904905,0.6597686407141757,0.555632375945395,0.6496816501080889,0.6154750972839776
50,0.050050050050050046,0.661857484963783,0.5567449203319056,0.6513536889155073,0.6176178781741694
51,0.05105105105105105,0.663072768361812,0.5572089292238455,0.654575751080351,0.6196827595567073
52,0.05205205205205205,0.6640747353837866,0.5586615385306551,0.656245424503348,0.62167573641434
53,0.05305305305305305,0.6649144885079804,0.5593313207104056,0.6571672930360698,0.6236148246453956
54,0.05405405405405406,0.6656561281127057,0.5606862511353138,0.6587267709652747,0.6255245156492844
55,0.055055055055055056,0.6663968809946266,0.5608784693007064,0.6586698618534306,0.6273888533706612
56,0.056056056056056056,0.6693799236805453,0.5622344698535834,0.6611421663974151,0.6292574943627904
57,0.057057057057057055,0.6704471391367904,0.5631280927298937,0.6614606189215209,0.631085534653238
58,0.058058058058058054,0.6729891229526492,0.5642233091646903,0.6630221060789433,0.6328798853199854
59,0.05905905905905906,0.6773260382350185,0.5652734464843703,0.6632389164035394,0.6346254651534786
60,0.06006006006006006,0.6791806070640646,0.5670895348172241,0.6652044543359357,0.6363662342999011
61,0.06106106106106106,0.6812475317053348,0.5690538027046697,0.6653719130646762,0.638083619302476
62,0.062062062062062065,0.682919986483281,0.5700713275168271,0.6655393272960634,0.6397246536166438
63,0.06306306306306306,0.6837029817918188,0.5704382709593916,0.6666787139415474,0.6413027244317936
64,0.06406406406406406,0.6844849742062612,0.5711935059609579,0.6682378338466805,0.6428253460107468
65,0.06506506506506507,0.6879799850242934,0.5728055107131924,0.6690582777358649,0.6443044637233803
66,0.06606606606606606,0.6895986408654264,0.574764751682267,0.6703809741228696,0.6457532757033516
67,0.06706706706706707,0.6952171338103841,0.5752036310759903,0.6723370009053844,0.6471623370193349
68,0.06806806806806806,0.6993199638755796,0.5767394348785287,0.6727593904146105,0.6485319436367228
69,0.06906906906906907,0.7007087837450875,0.5776974266910797,0.6747180060581728,0.64985394781883
70,0.07007007007007007,0.7020982051421575,0.5783742747433703,0.6771713105013034,0.6511340839678108
71,0.07107107107107107,0.7034960624797106,0.5794581201905675,0.678953603657199,0.6523828440552009
72,0.07207207207207207,0.7091128308605746,0.5789276420718212,0.6797151320583126,0.6536387714735173
73,0.07307307307307308,0.7173093054691219,0.5793725764920655,0.6817320615876554,0.6548671081439439
74,0.07407407407407407,0.7196739237188643,0.580235703833256,0.6841889251670811,0.6560769265305797
75,0.07507507507507508,0.7220510137566263,0.581311979685906,0.6849165514450296,0.6572805815662593
76,0.07607607607607608,0.7225181851920174,0.5824460244419497,0.6851269665622555,0.658466496126205
77,0.07707707707707707,0.7229849877071978,0.5832238786008246,0.6858303684580178,0.659630777866149
78,0.07807807807807808,0.7234514217389935,0.5828878493880881,0.6876559925300099,0.6607766336497453
79,0.07907907907907907,0.7239174877235409,0.5838795349839737,0.6890617794299528,0.661914385269262
80,0.08008008008008008,0.7243831860962888,0.5846747521848791,0.6906657129221768,0.663044042053121
81,0.08108108108108109,0.7274386255248488,0.5856920526139945,0.6914133208839499,0.6641878144980541
82,0.08208208208208208,0.7285559567176356,0.5868418794343039,0.6926322668841657,0.6652952184196019
83,0.08308308308308308,0.7296711691290714,0.5878861146634382,0.6934497682337811,0.6663980504173473
84,0.08408408408408408,0.7317061990992586,0.5893971851556024,0.6944383587934277,0.6674932523807222
85,0.08508508508508508,0.7354869086525837,0.5903629769155448,0.6953983103961575,0.668570191037289
86,0.08608608608608609,0.7361145626283156,0.5903317481371138,0.6963094396516559,0.6696188118539151
87,0.08708708708708708,0.7367415431300399,0.5912303767356923,0.6967382287953735,0.6706510311671829
88,0.08808808808808809,0.7373678512411335,0.5919984299842762,0.6970607419177485,0.6716740959724362
89,0.0890890890890891,0.7379934880426514,0.592443787420646,0.6952436394235842,0.6726881018063111
90,0.09009009009009009,0.740095787523871,0.5931107685443605,0.6964315619159366,0.673694000964478
91,0.09109109109109109,0.7373960067735398,0.5935829905517414,0.6976909401996222,0.6746653062123121
92,0.0920920920920921,0.7375388285943985,0.5939862456424345,0.6985392170572039,0.6756108355061736
93,0.09309309309309309,0.7391589343822496,0.5951657459867907,0.6990862421942878,0.6765282927883418
94,0.0940940940940941,0.7400859945373869,0.5958617640365615,0.7011953881951664,0.6774043954254202
95,0.09509509509509509,0.7410115567339977,0.5962381728231071,0.7012301209112299,0.6782595797084446
96,0.0960960960960961,0.7432064587443665,0.5973687947380176,0.7002417321047651,0.679098029814976
97,0.0970970970970971,0.7455502424540059,0.5980685585012037,0.6997826207264859,0.6799250187364628
98,0.0980980980980981,0.7471817196083688,0.5975468954660644,0.7000772118995462,0.6807328579617212
99,0.0990990990990991,0.7479974666964138,0.597561438156714,0.7021536724404682,0.681488727658077
100,0.10010010010010009,0.7488120456722951,0.5978493674832304,0.7025804740711299,0.6821956716339894
101,0.1011011011011011,0.7496254590432417,0.5989449539730158,0.7028306088666064,0.6828845997441012
102,0.1021021021021021,0.750190005705107,0.599801291145571,0.7030012580267674,0.6835702430244334
103,0.1031031031031031,0.7505423117475695,0.6004869044661154,0.7032684170943577,0.684240626089278
104,0.1041041041041041,0.7508943992459595,0.6013845896377732,0.7032101111567826,0.6849065008170647
105,0.10510510510510511,0.7512462684035661,0.6019224570506017,0.7047379126895296,0.685565162666792
106,0.1061061061061061,0.7515979194234268,0.6030867725749318,0.7062577042251856,0.6862177702045813
107,0.10710710710710711,0.7519493525083268,0.6033920606894775,0.7068479467305665,0.6868443035657288
108,0.10810810810810811,0.7523005678608008,0.6040606926791506,0.7074078859032894,0.6874538880545645
109,0.1091091091091091,0.7526515656831322,0.6066241466263409,0.7085247262831729,0.688051328892728
110,0.11011011011011011,0.7559014428138617,0.6067299211452492,0.7079786516185073,0.6886226848322664
111,0.1111111111111111,0.7563115911420836,0.6078292970314341,0.7077726929875217,0.6891632481501853
112,0.11211211211211211,0.7567214417916128,0.607896315320772,0.7089850452922717,0.6897128815080826
113,0.11311311311311312,0.7571309950864074,0.6081868501619281,0.7097417112515821,0.6902661648515959
114,0.11411411411411411,0.7575402513499546,0.6067060174750535,0.7117165904506184,0.690819372941174
115,0.11511511511511512,0.7579492109052736,0.6070307265440347,0.7128389477641256,0.6913866914807019
116,0.11611611611611611,0.7583578740749144,0.6069580025030382,0.7131375998140299,0.6919325785199963
117,0.11711711711711711,0.759475243425147,0.6066069275750099,0.7133281776312047,0.6924955156300922
118,0.11811811811811812,0.7612702246093034,0.6073410549716405,0.7145174503825484,0.6930584781883213
119,0.11911911911911911,0.7593111790100641,0.6083328305766524,0.7152184830549934,0.6936015923191613
120,0.12012012012012012,0.7573495594847443,0.6101308542730032,0.7164869980393308,0.6941429706425843
121,0.12112112112112113,0.757957925927653,0.6118817622199649,0.7160869685385054,0.6946688239651765
122,0.12212212212212212,0.7596741301221733,0.6124294936766826,0.7163334675161093,0.6951870195600593
123,0.12312312312312312,0.761470803036764,0.6127631882042448,0.717121015214261,0.6956967752409675
124,0.12412412412412413,0.762506815859281,0.6136122389233404,0.7179429523086431,0.6962239854466439
125,0.12512512512512514,0.7621029512984034,0.6135295763393298,0.7166284533960732,0.696766106313969
126,0.12612612612612611,0.7616989755752256,0.6141202402218777,0.7178663299375406,0.6973126024475919
127,0.12712712712712712,0.7612948884792932,0.6155111330472232,0.7181885765605281,0.6978516755955425
128,0.12812812812812813,0.760890689799621,0.6151134267095374,0.7186037271781183,0.6983982051365843
129,0.12912912912912913,0.760486379324691,0.6160864208746161,0.7193012968091409,0.6989488155226079
130,0.13013013013013014,0.7600819568424491,0.6168882787491595,0.72066382955416,0.6994801586859389
131,0.13113113113113112,0.7596774221403052,0.6171139203316749,0.722781262013124,0.7000100614789802
132,0.13213213213213212,0.759272775005131,0.6180066647257657,0.7231241635474662,0.7005240145790257
133,0.13313313313313313,0.7588680152232579,0.6189609782268457,0.7234675363778535,0.7010336997344884
134,0.13413413413413414,0.7584631425804754,0.6198774334899338,0.7240749241949107,0.7015402942919529
135,0.13513513513513514,0.75805815686203,0.6206157319614563,0.7242853129741691,0.7020305404298449
136,0.13613613613613612,0.7584532525667007,0.6209981977518081,0.7245029332873812,0.7025076635576796
137,0.13713713713713713,0.7600779837518705,0.6213385818158855,0.7254330886076118,0.702977637496391
138,0.13813813813813813,0.7609459064253529,0.622637935290023,0.7257786585032574,0.7034434037739188
139,0.13913913913913914,0.7612321322426175,0.6231654863568735,0.7266702422490947,0.7038943608385243
140,0.14014014014014015,0.7615182073178745,0.6241885347170141,0.7267739093997682,0.7043377461684791
141,0.14114114114114115,0.7618041317701761,0.6239684419770635,0.7273862612489834,0.7047700262344047
142,0.14214214214214213,0.7620899057184493,0.6243335953710624,0.7283758142800457,0.7052121356950609
143,0.14314314314314314,0.7623755292814949,0.624768189312097,0.7290538441095105,0.7056629533423643
144,0.14414414414414414,0.7626610025779899,0.6244716352494363,0.7293747467544182,0.7061028696692708
145,0.14514514514514515,0.7629463257264859,0.6252948071702759,0.7317328973560869,0.7065533695644263
146,0.14614614614614616,0.7632314988454096,0.6254817931956338,0.7302221167838912,0.7070038421345861
147,0.14714714714714713,0.7635165220530639,0.6261199299917457,0.7304644595594172,0.7074457336852821
148,0.14814814814814814,0.7640177367746508,0.6262955548532003,0.7310807492327757,0.707881728081256
149,0.14914914914914915,0.7674310927348854,0.6264711265182524,0.731566769189316,0.7083111046298214
150,0.15015015015015015,0.7706142958463928,0.6274526447097374,0.7325901294382092,0.7087304341177706
151,0.15115115115115116,0.7718721458657637,0.6278935182647104,0.7330901315405127,0.7091690766624293
152,0.15215215215215216,0.7731195214754334,0.62743969637652,0.7333199956673672,0.7096090638821915
153,0.15315315315315314,0.7743284057879911,0.6286789579475985,0.7336042109212295,0.7100459989327425
154,0.15415415415415415,0.7755345730049737,0.6292804232158619,0.733726026148818,0.7105034299014849
155,0.15515515515515516,0.776523902644179,0.6278283610164274,0.7324323403695506,0.7109654962982566
156,0.15615615615615616,0.7773767272957712,0.628891377297759,0.7327136608854748,0.7114222128491384
157,0.15715715715715717,0.7782281949600711,0.6290340683795149,0.7323149571909285,0.7118714181035388
158,0.15815815815815815,0.7790783088732965,0.6291767239007027,0.7319161559401606,0.7123195800469926
159,0.15915915915915915,0.779473984277375,0.6293193438746139,0.7324847855833283,0.7127719935854776
160,0.16016016016016016,0.7798480621817757,0.6300272810800073,0.7329327544283467,0.7132165208676898
161,0.16116116116116116,0.7802218781642825,0.6298530238956177,0.7335349520764256,0.7136585888662502
162,0.16216216216216217,0.780595432499888,0.6295100287821755,0.7337141325018042,0.714095229966557
163,0.16316316316316315,0.7809687254631995,0.6300030638276024,0.7338932535755959,0.714515068703236
164,0.16416416416416416,0.7813417573284408,0.629501476973654,0.7332127530824856,0.7149206070467173
165,0.16516516516516516,0.781714528369452,0.629266722137199,0.7328195642520596,0.7153252626328243
166,0.16616616616616617,0.7820870388596901,0.6294297024037169,0.732440994036648,0.7157178561009347
167,0.16716716716716717,0.7826979675038138,0.6295926359453828,0.7338056204231855,0.7161080746086915
168,0.16816816816816815,0.7835106674870904,0.6312387701562375,0.7336360110254297,0.716499040241789
169,0.16916916916916916,0.7843221279839677,0.631888434891527,0.734225365104687,0.7168885452154669
170,0.17017017017017017,0.7851323518278822,0.6321466792592743,0.7345099455133391,0.717282730134156
171,0.17117117117117117,0.785729780500117,0.6327907336003599,0.7343692009310635,0.7176579212304871
172,0.17217217217217218,0.7862067542975099,0.6333418794841401,0.7339874301609778,0.7180409652003616
173,0.17317317317317318,0.7866832997981543,0.6343325758822421,0.7341283582185841,0.7184244778023996
174,0.17417417417417416,0.787159417578672,0.6349885704154331,0.7349016303916502,0.7188266909529218
175,0.17517517517517517,0.7876351082146513,0.635249355468964,0.7353349550638798,0.7192093949389967
176,0.17617617617617617,0.7881103722806467,0.6355103851592989,0.7357525329266461,0.7195590509049968
177,0.17717717717717718,0.7885852103501839,0.635771500914256,0.7366468790938128,0.7198941556328494
178,0.1781781781781782,0.7887579408767526,0.6355719895122195,0.7375157304323756,0.7202216366120382
179,0.17917917917917917,0.788908309707188,0.6368388220904568,0.7388476501072179,0.7205305651203202
180,0.18018018018018017,0.7890586358359423,0.6370877596808895,0.7404238601976783,0.7208297186607264
181,0.18118118118118118,0.7892089192812025,0.6372412999232774,0.7410614782262283,0.7211428718716608
182,0.18218218218218218,0.7893591600611454,0.6373947982645292,0.7415470500826894,0.7214414404349713
183,0.1831831831831832,0.7895093581939372,0.6376649368244878,0.7417980856083485,0.7217361094418991
184,0.1841841841841842,0.7896595136977342,0.6388545405150754,0.7420017470033464,0.7220139755748138
185,0.18518518518518517,0.7898096265906819,0.6391286788272539,0.7414898690258849,0.7222849342810472
186,0.18618618618618618,0.7899596968909158,0.6395235705692407,0.7411123381172416,0.7225486399712664
187,0.1871871871871872,0.7901097246165614,0.6397361803691474,0.7409145669671121,0.7228197708706903
188,0.1881881881881882,0.7902597097857333,0.6401085010749088,0.7407167700266023,0.7231075858529987
189,0.1891891891891892,0.7904096524165362,0.6404812670832702,0.7405189472714641,0.7233932427633715
190,0.19019019019019018,0.7905595525270642,0.6408799215848038,0.7415406914110713,0.7236825367423172
191,0.19119119119119118,0.790709410135402,0.6402610728238861,0.7415769690962747,0.7239737583398389
192,0.1921921921921922,0.7908592252596227,0.640791947282177,0.7412110941412299,0.7242534505682503
193,0.1931931931931932,0.7910089979177904,0.6419986316430192,0.741609427672677,0.7245018351324362
194,0.1941941941941942,0.7911587281279585,0.6427506154861851,0.7418824800616657,0.7247338818815515
195,0.19519519519519518,0.7913084159081698,0.6432177333227002,0.7422915279103847,0.7249622636302324
196,0.1961961961961962,0.7914580612764572,0.6428198709523526,0.7431003357627162,0.7251769474026337
197,0.1971971971971972,0.7916076642508435,0.6424219445572684,0.7435115274076354,0.7253839676993208
198,0.1981981981981982,0.7917572248493413,0.6428649402938896,0.7441561745727996,0.725595290888158
199,0.1991991991991992,0.794330748080561,0.6436206375019025,0.7449812673080619,0.7258003153105108
200,0.20020020020020018,0.7946352569917855,0.6440527368611375,0.745334704458982,0.7259950528932804
201,0.2012012012012012,0.7941147250167443,0.6444317649013637,0.7456079428742419,0.7261886321692139
202,0.2022022022022022,0.793593970502159,0.6447277290200604,0.7458051195102091,0.7263863083013437
203,0.2032032032032032,0.7930729929395697,0.6449085889692974,0.7460022214263473,0.7265775779112158
204,0.2042042042042042,0.7925517918189664,0.6450893897646788,0.7462364548403317,0.726769749360051
205,0.20520520520520522,0.7920303666287829,0.6457683578301966,0.7465127895928282,0.7269597676336085
206,0.2062062062062062,0.7915087168558904,0.646449482772676,0.746738845674569,0.7271431608418013
207,0.2072072072072072,0.7909868419855937,0.6467394021305329,0.746936511549378,0.7273281003529665
208,0.2082082082082082,0.7904647415016216,0.6470239651390884,0.7471728719497552,0.7275021241703565
209,0.2092092092092092,0.7872844152980517,0.6477060688810419,0.7476942228709917,0.7276707506893695
210,0.21021021021021022,0.7857406709372283,0.6491016769685923,0.7478924478832234,0.7278400074432027
211,0.2112112112112112,0.7865764687860087,0.6484880022803248,0.7480905972273302,0.7280196899195354
212,0.2122122122122122,0.7874109030877783,0.6489182774688164,0.7487637011915875,0.7282032996364759
213,0.2132132132132132,0.7882439771766179,0.6500897443343905,0.7495215645660537,0.728388338687219
214,0.21421421421421422,0.7874742022133423,0.6507691570539798,0.7503271908861094,0.7285781063712584
215,0.21521521521521522,0.7863857471762851,0.6511216677518725,0.7508105512351015,0.7287731398806018
216,0.21621621621621623,0.785296313839124,0.6519885977406475,0.7510728075997581,0.728964050082122
217,0.2172172172172172,0.7842058975292577,0.651183563392995,0.7513611853247564,0.7291667107084984
218,0.2182182182182182,0.7832395115223361,0.650690973104327,0.7501685775661379,0.7293963043082861
219,0.21921921921921922,0.7827713237702046,0.6510449950560182,0.7500722824571922,0.7296214269180757
220,0.22022022022022023,0.7823029571573973,0.6517109032915943,0.7513644750793728,0.7298311445139672
221,0.22122122122122123,0.7818344113168629,0.6512446652012145,0.7515565172598018,0.7300440366897685
222,0.2222222222222222,0.7813656858805443,0.6516752700012518,0.7515228645428732,0.7302582510968006
223,0.22322322322322322,0.7808967804793759,0.6528632848341762,0.7521084465211761,0.7304679920184431
224,0.22422422422422422,0.7804276947432804,0.6535984792148953,0.7524867965607857,0.7306652309749462
225,0.22522522522522523,0.7799584283011652,0.6540453828363099,0.752840657412007,0.7308469842594708
226,0.22622622622622623,0.7794889807809191,0.6542773233193735,0.7540707438650347,0.7310222232216816
227,0.2272272272272272,0.7790193518094073,0.6560100547702766,0.7545883320027729,0.731197988463905
228,0.22822822822822822,0.7785495410124705,0.6568787897786652,0.7548395098775572,0.7313797933887395
229,0.22922922922922923,0.7783593697091369,0.6575882354394432,0.7553002873445473,0.7315719251683512
230,0.23023023023023023,0.7786954597966798,0.659260583553644,0.7557115344088444,0.7317700669570764
231,0.23123123123123124,0.7790313224714075,0.6594963711218792,0.7561017229747264,0.731962823107922
232,0.23223223223223222,0.7793669579640579,0.6597320553395587,0.7567084293353586,0.7321492296063985
233,0.23323323323323322,0.7797023665050564,0.6590936780620096,0.756130607901965,0.7323362418082275
234,0.23423423423423423,0.7800375483245175,0.6583511015376163,0.7563835881736374,0.7325323185922
235,0.23523523523523523,0.7803725036522441,0.6593118820679762,0.7567276988324322,0.7327481748761082
236,0.23623623623623624,0.7807072327177289,0.6599831613052988,0.7572291992996927,0.7329738493779301
237,0.23723723723723725,0.7810417357501546,0.6604525113377345,0.7571936451813804,0.7331887847014451
238,0.23823823823823823,0.7813760129783945,0.6609186006929458,0.7567768330451781,0.7333954253240119
239,0.23923923923923923,0.7820653759066386,0.6618876678918277,0.7561663927468126,0.7335920524492383
240,0.24024024024024024,0.7829989913426199,0.6622129086974373,0.7560380936607589,0.7337977587888735
241,0.24124124124124124,0.7839308464219634,0.6624518555909366,0.7558067243426237,0.7340100918062535
242,0.24224224224224225,0.7850594542066471,0.6632107972304676,0.7552842764540235,0.734226287445856
243,0.24324324324324323,0.7882098655731589,0.6638900882969803,0.7558901335804146,0.734457617920929
244,0.24424424424424424,0.788439741202227,0.6643693007443205,0.7562517745847619,0.7347111229807954
245,0.24524524524524524,0.788669509366999,0.6636854683592789,0.7555236381209224,0.7349755923587683
246,0.24624624624624625,0.7888991701428146,0.6638558802497028,0.7566351296463226,0.7352378732199313
247,0.24724724724724725,0.7891287236049436,0.6640262373308214,0.7569981113316768,0.7354962713900047
248,0.24824824824824826,0.789358169828585,0.663007071669061,0.7572662557294119,0.7357574571898109
249,0.24924924924924924,0.7895875088888676,0.662257192131635,0.7571111990404943,0.7360193606567478
250,0.2502502502502503,0.7898167408608506,0.6626421976330037,0.7582819669289532,0.7362765252400912
251,0.25125125125125125,0.7900458658195224,0.6622627396563752,0.7585256540542619,0.7365331740275058
252,0.25225225225225223,0.7902748838398018,0.6620024103004997,0.7587692207122139,0.7367859295156247
253,0.25325325325325326,0.7905037949965376,0.6624091633777449,0.7590300141578189,0.7370318003161325
254,0.25425425425425424,0.7907325993645088,0.663372748678826,0.759274617572479,0.7372817117815974
255,0.2552552552552553,0.7909612970184245,0.663712933961421,0.7595190991190939,0.7375299903624039
256,0.25625625625625625,0.7911898880329244,0.6629142997075642,0.7596990173906955,0.7377690280053497
257,0.25725725725725723,0.7914183724825784,0.6624003354940143,0.7593985315934338,0.7380186606184237
258,0.25825825825825827,0.7916021872160511,0.6625754587931256,0.7590979765361605,0.7382691290156704
259,0.25925925925925924,0.7917658439350413,0.6639470806866732,0.7589484019165721,0.7385343880761599
260,0.2602602602602603,0.7919294459932278,0.6644648273896102,0.7593164451051799,0.7388042025029097
261,0.26126126126126126,0.7920929934179908,0.6641736154336081,0.7609963857161812,0.7390673788625647
262,0.26226226226226224,0.792256486236692,0.6626243503615503,0.7611593361932181,0.7393301858157667
263,0.26326326326326327,0.7924199244766752,0.6638265827092051,0.7604623898150383,0.7395921635435705
264,0.26426426426426425,0.792583308165266,0.6645227007337141,0.7608332273377058,0.7398642127583518
265,0.2652652652652653,0.7927466373297715,0.6661988690310946,0.7610981137567633,0.7401344006398445
266,0.26626626626626626,0.7929099119974804,0.6665493297525218,0.7613456760724009,0.7404021725994069
267,0.26726726726726724,0.7930731321956637,0.6671335133753324,0.7612290064677344,0.74067304944459
268,0.2682682682682683,0.7932362979515738,0.667801217276094,0.7611066937054887,0.7409350428550195
269,0.26926926926926925,0.7933994092924452,0.6683693613161471,0.7611165657437674,0.7411718587008431
270,0.2702702702702703,0.7935624662454941,0.668562969562697,0.762226980305078,0.7414045211900696
271,0.27127127127127126,0.7937254688379186,0.669229648597071,0.7625521898513131,0.7416471963405561
272,0.27227227227227224,0.7938884170968985,0.6689479122633756,0.7613341844388479,0.7418822772462171
273,0.2732732732732733,0.7940513110495957,0.6693477928429871,0.7611261439024307,0.7421183828797618
274,0.27427427427427425,0.7942141507231539,0.6695118279860849,0.76221376356684,0.7423551410122574
275,0.2752752752752753,0.7943769361446987,0.6696758099063964,0.7618064057194112,0.7426009745665496
276,0.27627627627627627,0.7945396673413376,0.6700573034810455,0.7615147622015234,0.7428427251936489
277,0.2772772772772773,0.7947023443401604,0.670651264986288,0.7611550283210625,0.7430878722977909
278,0.2782782782782783,0.7948649671682384,0.670981332186054,0.7613896717058505,0.7433316178833715
279,0.27927927927927926,0.7950695044153664,0.6712193295589817,0.7622154609104842,0.7435726198288443
280,0.2802802802802803,0.7952757947492143,0.6714912170363782,0.7624675035709051,0.743805904178323
281,0.28128128128128127,0.7954819979292401,0.6717976777282564,0.7629606614724137,0.7440314480400387
282,0.2822822822822823,0.795688114010663,0.6734775760342032,0.7636575163234542,0.744253992134028
283,0.2832832832832833,0.7958941430486562,0.674197604305371,0.7640373600636844,0.7444866872455014
284,0.28428428428428426,0.7961000850983462,0.6750838402590245,0.7643273633665361,0.7447208735572747
285,0.2852852852852853,0.7963059402148126,0.6751923219283014,0.7645555831853807,0.7449457385788425
286,0.2862862862862863,0.7965117084530889,0.67530078018597,0.7648655789408396,0.7451663107433558
287,0.2872872872872873,0.7967173898681621,0.675409215039608,0.7660024522548614,0.7453804093896648
288,0.2882882882882883,0.7969229845149727,0.6755176264967904,0.766329873611488,0.7456033315668202
289,0.28928928928928926,0.797128492448415,0.6765965398146835,0.7669699443149438,0.7458256005504222
290,0.2902902902902903,0.7973339137233364,0.6769150967142333,0.7672091719760955,0.7460472122988684
291,0.2912912912912913,0.7975392483945392,0.6772408366134539,0.7674390185058854,0.746259514088758
292,0.2922922922922923,0.7977444965167786,0.6776046018353968,0.768284485316353,0.7464702855031168
293,0.2932932932932933,0.7979496581447638,0.6770760637161218,0.7686137978259766,0.7466803835256982
294,0.29429429429429427,0.7981547333331581,0.6772797783627126,0.7687884001656677,0.7468833739564212
295,0.2952952952952953,0.7983088999449283,0.6774165451514325,0.7689327322866152,0.7470852129508819
296,0.2962962962962963,0.7983776196103474,0.6775532745025231,0.7690770197587661,0.7472721963440154
297,0.2972972972972973,0.7984463295707754,0.6776899664313543,0.7692212626028353,0.7474496153503188
298,0.2982982982982983,0.7985150298282678,0.6779914610313407,0.7697707433401744,0.7476551045402504
299,0.29929929929929927,0.7985837203848799,0.6783045855164727,0.7689671855975498,0.747861482962986
300,0.3003003003003003,0.7986524012426663,0.6786181548596489,0.7692978777653898,0.7480572284681849
301,0.3013013013013013,0.7987210724036808,0.6791494957507801,0.7698581832145422,0.7482557346789772
302,0.3023023023023023,0.7987897338699771,0.6797386006067911,0.7698134319871087,0.7484429091270458
303,0.3033033033033033,0.7988583856436078,0.6799326121322656,0.7695485916704805,0.7486333738565728
304,0.30430430430430433,0.7989270277266254,0.6806055503002232,0.7692836921625598,0.7488263535425107
305,0.3053053053053053,0.7989956601210815,0.6815762000684757,0.7685006108965299,0.7490144556654333
306,0.3063063063063063,0.7990642828290272,0.6817983482511066,0.7678389098613078,0.7492017808014079
307,0.3073073073073073,0.7991328958525129,0.6820203968538778,0.7666991588051438,0.7493915421052483
308,0.3083083083083083,0.7992014991935887,0.6826904942265591,0.7669275982053076,0.74956858625568
309,0.30930930930930933,0.7992700928543038,0.6824758409161747,0.7673601944761707,0.7497445740008947
310,0.3103103103103103,0.7993386768367075,0.6818600413187896,0.7678669566826712,0.7499017497600732
311,0.3113113113113113,0.7994072511428474,0.6819510231669801,0.7680999853487288,0.7500513924748081
312,0.3123123123123123,0.7994758157747714,0.6816224147184918,0.7689218569597966,0.7502003062378604
313,0.3133133133133133,0.7995443707345267,0.6810809586777429,0.7695219364839768,0.7503489691385048
314,0.31431431431431434,0.7996129160241594,0.681400146183137,0.7697029892847213,0.7504977803683506
315,0.3153153153153153,0.7996814516457158,0.6824248333897207,0.7697395487134955,0.7506277582808122
316,0.3163163163163163,0.7997499776012411,0.6828981986788399,0.7698776176906625,0.750756853397871
317,0.3173173173173173,0.7998184938927799,0.6832188055789299,0.7700156447475807,0.7508976696453069
318,0.3183183183183183,0.7998870005223767,0.6835400190679856,0.7701536299033389,0.7510390520481968
319,0.31931931931931934,0.7999554974920747,0.6838247013670526,0.7694215459746321,0.751170899193383
320,0.3203203203203203,0.8000239848039171,0.6839856023799179,0.7697571153210229,0.7513013062328153
321,0.3213213213213213,0.8000924624599466,0.6841464504039774,0.7687219623987718,0.7514427320488927
322,0.32232232232232233,0.8001609304622046,0.6843072454654026,0.7681842393231363,0.7515906788202112
323,0.3233233233233233,0.8002293888127328,0.686450886949076,0.768930084096845,0.7517374729882542
324,0.32432432432432434,0.8002978375135718,0.6860970652857025,0.7697062436742851,0.7518793049712656
325,0.3253253253253253,0.8003662765667613,0.686534749558597,0.7689877784461308,0.752014996593919
326,0.3263263263263263,0.8004347059743415,0.6860994763738893,0.7696964196734823,0.7521515656936802
327,0.32732732732732733,0.8005031257383514,0.6856640965580013,0.7685822012820548,0.7522856362474378
328,0.3283283283283283,0.8005715358608289,0.6864776419016283,0.7686005635026805,0.7524132725199343
329,0.32932932932932935,0.8006399363438123,0.6871836777455578,0.7689382489192766,0.7525412888869871
330,0.3303303303303303,0.8007083271893385,0.6874005264844044,0.7691750660182581,0.7526711214729442
331,0.3313313313313313,0.8007767083994444,0.6876082534051633,0.7695102993559966,0.7528050175459599
332,0.33233233233233234,0.8008450799761663,0.6878223259885751,0.770606410652767,0.7529358362687499
333,0.3333333333333333,0.8009134419215395,0.6880512560170422,0.7709462634457739,0.7530758934698869
334,0.33433433433433435,0.800981794237599,0.6882800774740666,0.7717933607238686,0.7532097833178735
335,0.3353353353353353,0.8010501369263793,0.6874256953136455,0.7710833476382111,0.7533399106768897
336,0.3363363363363363,0.801118469989914,0.6876339549505021,0.7701967557425349,0.7534743983522931
337,0.33733733733733734,0.8011867934302366,0.6879075846520463,0.7703674952446303,0.7536093767181148
338,0.3383383383383383,0.8012551072493798,0.6890812052276684,0.7705381684841704,0.753729543688833
339,0.33933933933933935,0.8013234114493756,0.6892282068604114,0.7709869844798319,0.7538472022558
340,0.34034034034034033,0.8013917060322556,0.688680365389558,0.7705095257628561,0.7539564786344133
341,0.34134134134134136,0.8014599910000507,0.6893800887646113,0.7703696555590203,0.7540552923711965
342,0.34234234234234234,0.8015282663547911,0.6916948624640836,0.7705408605527051,0.7541438251043235
343,0.3433433433433433,0.8015965320985072,0.6929565605496333,0.7707119986625303,0.7542261491631126
344,0.34434434434434436,0.8016647882332278,0.6931688622509496,0.7689784824161661,0.7542992512178459
345,0.34534534534534533,0.8019900443205293,0.6933810693108742,0.7688040752632967,0.7543740308286553
346,0.34634634634634637,0.8040248167831258,0.6936418695681504,0.768629640891539,0.7544507194580785
347,0.34734734734734735,0.8052126791299652,0.693975911472403,0.7684551792810043,0.7545413296039134
348,0.3483483483483483,0.8052549221093938,0.6942814537943672,0.7682806904117845,0.754641635236446
349,0.34934934934934936,0.8052971613952561,0.6945741919413188,0.7681061742639519,0.7547239611135218
350,0.35035035035035034,0.8053393969880361,0.6941517630086981,0.7671251497681364,0.754797799757399
351,0.35135135135135137,0.8053816288882187,0.6947388641880627,0.7673430130548824,0.7548732286893872
352,0.35235235235235235,0.8054238570962877,0.6952569221718736,0.7675607668257526,0.7549505754206625
353,0.3533533533533533,0.8054660816127274,0.6946254194507161,0.7677786150924029,0.7550479775500307
354,0.35435435435435436,0.8055083024380219,0.6944210153487969,0.7679967758186157,0.7551433050869134
355,0.35535535535535534,0.805550519572655,0.6949153096212828,0.7682148266469019,0.7552288151418893
356,0.3563563563563564,0.8055927330171109,0.6952521901906128,0.7687136470497472,0.7553126487867265
357,0.35735735735735735,0.805634942771873,0.6946250563094211,0.7684568064470398,0.7553905237734241
358,0.35835835835835833,0.8056771488374252,0.6954041480749094,0.7681999063731619,0.7554580365275865
359,0.35935935935935936,0.8057193512142515,0.6956424403888147,0.7679429467643227,0.7555212957262503
360,0.36036036036036034,0.805761549902835,0.6958577228197597,0.7673963414535255,0.7555782186872877
361,0.3613613613613614,0.8058037449036595,0.696674200142724,0.7671643441285301,0.7556481574564713
362,0.36236236236236236,0.805845936217208,0.6969712525233634,0.7672927608887015,0.7557253442104396
363,0.36336336336336333,0.8058881238439642,0.6972419406513466,0.7652755694776587,0.7558038300171582
364,0.36436436436436437,0.8059303077844112,0.6974583628414271,0.7647603560163607,0.7558728474272799
365,0.36536536536536535,0.805972488039032,0.6976746850028329,0.7637881643779799,0.755935982649347
366,0.3663663663663664,0.80601466460831,0.6981352292437436,0.7628144416246936,0.7560131658824912
367,0.36736736736736736,0.8060568374927276,0.6968226449619271,0.7631918196845289,0.756081095848878
368,0.3683683683683684,0.8060990066927681,0.6961856225305475,0.7633638959906918,0.7561278166219098
369,0.36936936936936937,0.8061411722089142,0.6950881894655093,0.7635359021934857,0.7561669737454287
370,0.37037037037037035,0.8061833340416487,0.6941305645162572,0.7643291267296941,0.7562217043722821
371,0.3713713713713714,0.8062254921914541,0.6946433995444172,0.7646311710707112,0.7562756114982874
372,0.37237237237237236,0.806267646658813,0.6949415708977928,0.7656150100188215,0.7563198485840362
373,0.3733733733733734,0.8063097974442079,0.6954022179849998,0.7662871615990342,0.7563570092945532
374,0.3743743743743744,0.8063519445481212,0.6950583955859836,0.7667958789171394,0.7563963972660205
375,0.37537537537537535,0.806394087971035,0.6939046513727206,0.7670997196430197,0.7564327808028757
376,0.3763763763763764,0.8064362277134317,0.6933934991852967,0.7675997042669551,0.7564723884620485
377,0.37737737737737737,0.8064783637757934,0.6935517264691905,0.7680345616618408,0.7565068534399004
378,0.3783783783783784,0.8065204961586021,0.6947486295209562,0.7683828236921808,0.7565339034842826
379,0.3793793793793794,0.8065626248623398,0.6949823248898525,0.7686899046559986,0.7565578020382796
380,0.38038038038038036,0.8066047498874883,0.695200849882404,0.7680393016500775,0.7565811972283233
381,0.3813813813813814,0.8066468712345294,0.6952019326150923,0.7682616635024619,0.7566018971865759
382,0.38238238238238237,0.8066889889039448,0.69463723805359,0.7684839071678172,0.756625595550156
383,0.3833833833833834,0.8067311028962163,0.6943549869686119,0.7685171781395319,0.7566585621605139
384,0.3843843843843844,0.806773213211825,0.694655790367952,0.7681606152001401,0.7566920446163556
385,0.38538538538538536,0.8068153198512531,0.6951451918476507,0.7678039337753609,0.7567320784189892
386,0.3863863863863864,0.8068574228149812,0.6955286348592755,0.7678737538890613,0.7567776603148836
387,0.38738738738738737,0.8068995221034909,0.6956795718339307,0.7681796601026639,0.7568226515074081
388,0.3883883883883884,0.8069416177172637,0.6958304585705753,0.768698125467036,0.7568677417623387
389,0.3893893893893894,0.8069837096567801,0.6959812950942871,0.768469139958753,0.7569269333138966
390,0.39039039039039036,0.8070257979225216,0.696615939756654,0.767556554086721,0.7569904086554796
391,0.3913913913913914,0.8070678825149689,0.6971817894469348,0.7681409598938389,0.7570611541985527
392,0.3923923923923924,0.8071099634346031,0.6966150703565203,0.7678779863897159,0.7571343689038156
393,0.3933933933933934,0.8071520406819046,0.6961452790796526,0.7676149478839004,0.7572112171909328
394,0.3943943943943944,0.8071941142573544,0.696710172645086,0.7673518443066223,0.7572874908318614
395,0.39539539539539537,0.8072361841614332,0.6969310687406429,0.7680186659068201,0.7573747141684651
396,0.3963963963963964,0.8072782503946214,0.6971518566372613,0.767992872141627,0.7574656155787027
397,0.3973973973973974,0.8073203129573994,0.6975371105845404,0.7682071778204685,0.7575596340661908
398,0.3983983983983984,0.8073623718502474,0.6991354367372871,0.7668315500049445,0.7576544518800828
399,0.3993993993993994,0.807404427073646,0.6992985277698576,0.7671404711065335,0.7577361955472608
400,0.40040040040040037,0.8074464786280754,0.6994615596592922,0.766636170451988,0.757816234784826
401,0.4014014014014014,0.8074885265140153,0.6996245324377568,0.7655632226665402,0.7578999870851325
402,0.4024024024024024,0.8075305707319461,0.6987592299638821,0.766446847046691,0.7579830023882252
403,0.4034034034034034,0.8075726112823476,0.698714525106466,0.7660930664955624,0.7580670584502989
404,0.4044044044044044,0.8076146481656998,0.6989185358934433,0.7649934108582467,0.7581437548066396
405,0.40540540540540543,0.8076566813824823,0.6991224537809947,0.7647264225186512,0.7582154399706733
406,0.4064064064064064,0.8076987109331747,0.6996896724426833,0.764459366077636,0.758268751542761
407,0.4074074074074074,0.8077407368182571,0.7011471106050615,0.7642965724619035,0.7583206771095421
408,0.4084084084084084,0.8077827590382085,0.7013711736210204,0.7646067642538591,0.7583734761786357
409,0.4094094094094094,0.8078247775935086,0.7015909868987495,0.7649882545370236,0.7584135680906717
410,0.41041041041041043,0.8078667924846367,0.7017968075416788,0.7657663101440108,0.758447059393257
411,0.4114114114114114,0.8079088037120719,0.7020025333252513,0.7660783072106411,0.7584783347570644
412,0.4124124124124124,0.8079508112762936,0.7022395686308203,0.7663355617240506,0.7584967906669432
413,0.4134134134134134,0.8079928151777809,0.7025487624942751,0.7664671809616149,0.7585039671697564
414,0.4144144144144144,0.8080348154170128,0.7028283692611771,0.7665987566831339,0.7585123790288705
415,0.41541541541541543,0.8080768119944681,0.7030536529997421,0.7667302889101849,0.7585136836032271
416,0.4164164164164164,0.8081188049106258,0.7032788229350697,0.7668617776643306,0.758501890988939
417,0.4174174174174174,0.8081607941659649,0.7034364232498403,0.7665689679661607,0.7584861716899115
418,0.4184184184184184,0.8082027797609637,0.7035605557694837,0.7660657545376569,0.7584778631382412
419,0.4194194194194194,0.8082447616961008,0.7036846537101992,0.7653889768697995,0.7584745793621085
420,0.42042042042042044,0.808286739971855,0.703808717086433,0.7660149773099839,0.7584668761827768
421,0.4214214214214214,0.8083287145887046,0.7039327459126241,0.7662894805526276,0.758450107819597
422,0.4224224224224224,0.8083706855471279,0.7050574150345041,0.7664567908106312,0.758434446402988
423,0.42342342342342343,0.808412652847603,0.7062946700708607,0.7666240301824587,0.7584115359021855
424,0.4244244244244244,0.8084546164906087,0.7052103354500115,0.7668410061658362,0.7583866108514685
425,0.42542542542542544,0.8084965764766224,0.7046363991643638,0.7673192467577276,0.7583508013915348
426,0.4264264264264264,0.8085385328061226,0.7048600792485457,0.766813948879008,0.7583265522069907
427,0.4274274274274274,0.8085804854795869,0.705410507397743,0.7661397796615406,0.758314664604358
428,0.42842842842842843,0.8086224344974936,0.7056196120340682,0.7666831828725286,0.7583092433643798
429,0.4294294294294294,0.80866437986032,0.7058286174699296,0.7668934945616077,0.7583181612567752
430,0.43043043043043044,0.8073416057829168,0.7067573854558399,0.7671036932665904,0.758332827403265
431,0.4314314314314314,0.803300394388737,0.7072697407123613,0.7674314368482912,0.7583532627436174
432,0.43243243243243246,0.8026076755145297,0.7074799280358918,0.7679674755191715,0.7583852162750606
433,0.43343343343343343,0.8019145036396093,0.7076900149173173,0.7682838731397366,0.75842762202959
434,0.4344344344344344,0.8012208774689678,0.7073764525670844,0.7671400005098187,0.7584828192289512
435,0.43543543543543545,0.800526795702657,0.7075450757774584,0.7666419165953386,0.7585413535252994
436,0.4364364364364364,0.7998322570357641,0.7077136340436856,0.7670036850573767,0.7585935721524064
437,0.43743743743743746,0.7991372601583878,0.707882127403278,0.7660641782131141,0.7586418488846547
438,0.43843843843843844,0.7984418037556156,0.7083730211597382,0.765041934055161,0.7586827594132184
439,0.4394394394394394,0.7979216732597677,0.709626631899332,0.765208911040212,0.7587192256424979
440,0.44044044044044045,0.7974703496897819,0.7095519173491771,0.7646114775474339,0.7587398970409515
441,0.44144144144144143,0.7970188353241501,0.7078809147251977,0.7644942717304793,0.7587604193806843
442,0.44244244244244246,0.7965671298073038,0.7087654005707105,0.7646530487265105,0.7587838366610753
443,0.44344344344344344,0.7961152327827906,0.7094048191229589,0.7648117598695005,0.7588190581858619
444,0.4444444444444444,0.7956631438932708,0.7097763008034875,0.7649704052004096,0.7588559022532013
445,0.44544544544544545,0.7952108627805156,0.7100965938602591,0.7647700881305438,0.7589030731061034
446,0.44644644644644643,0.7947583890854032,0.7103485168566744,0.7645134533003111,0.758949512033903
447,0.44744744744744747,0.7943057224479173,0.7114643075513123,0.7642567524331072,0.7590073016268578
448,0.44844844844844844,0.7938528625071437,0.7117064467700772,0.763999985462408,0.7590517072793143
449,0.4494494494494494,0.7933998089012669,0.7119217757235815,0.7641942412079405,0.7590930033782368
450,0.45045045045045046,0.7929584396596099,0.7110000174203782,0.7644061215001817,0.7591478198169236
451,0.45145145145145144,0.7935858613342932,0.7116352546406557,0.7646129675291821,0.7592089517794627
452,0.45245245245245247,0.7942124290451984,0.7119592672836724,0.7646857820866223,0.7592784723761199
453,0.45345345345345345,0.7948381445345942,0.7123104707594109,0.7647585827318485,0.7593466507910283
454,0.4544544544544544,0.7954630095400137,0.7134502614120009,0.7648313694688474,0.7594074884566971
455,0.45545545545545546,0.7960870257942692,0.7127793472344445,0.764904142301604,0.7594632128773325
456,0.45645645645645644,0.7971905762820444,0.7124646872398912,0.7649769012341023,0.7595223794770617
457,0.4574574574574575,0.799005308316602,0.712681685177391,0.7650496462703245,0.7596083326302456
458,0.45845845845845845,0.8016515509599528,0.7128985719540233,0.7651223774142512,0.7596862973221488
459,0.45945945945945943,0.8036887466644855,0.7133220270809852,0.7651950946698617,0.7597675563359757
460,0.46046046046046046,0.8039358364951,0.7144490614050049,0.7649748684704547,0.7598563096051735
461,0.46146146146146144,0.8041827922667967,0.714776205000005,0.7644603628509025,0.759958646140794
462,0.4624624624624625,0.8044296140886462,0.7152832586279435,0.7636631115653711,0.7600670984541833
463,0.46346346346346345,0.8046763020696022,0.7155294538742393,0.7625794965575733,0.7601907580534937
464,0.46446446446446443,0.8049228563184988,0.7154461085738781,0.762219126821053,0.7603303033751531
465,0.46546546546546547,0.8051692769440532,0.7149612171697624,0.760494171210901,0.7604656671885607
466,0.46646646646646645,0.805415564054864,0.7156098461375963,0.759975261691062,0.7606183380104942
467,0.4674674674674675,0.8056617177594129,0.7162698834501894,0.759910648200247,0.7607922967460895
468,0.46846846846846846,0.8059077381660636,0.7175774369401116,0.7600699035681622,0.7609693673318475
469,0.4694694694694695,0.8061536253830628,0.7170835159070053,0.7602290910809641,0.7611485947279728
470,0.47047047047047047,0.8063993795185395,0.7177479424695484,0.760388210782011,0.7613267514369499
471,0.47147147147147145,0.8066450006805062,0.7190642118129204,0.7595063778281791,0.761504625633055
472,0.4724724724724725,0.8068904889768582,0.7197323127742649,0.7607699470249094,0.76167958326109
473,0.47347347347347346,0.8071358445153746,0.7188828947794409,0.7606602169232914,0.7618469202984566
474,0.4744744744744745,0.8073599251007672,0.7192559389126244,0.7610337922226754,0.7620180621023359
475,0.4754754754754755,0.8075798943264282,0.7196361673744676,0.761676811524629,0.7621861496694302
476,0.47647647647647645,0.8077997568736205,0.7199712191943947,0.7620344365991901,0.7623753010066965
477,0.4774774774774775,0.808019512819929,0.7204732631011954,0.7623564363011284,0.7625582342123826
478,0.47847847847847846,0.8082391622428635,0.7202742563742847,0.7620486514026907,0.7627378634679187
479,0.4794794794794795,0.8084587052198584,0.7200752191563079,0.761699467875265,0.7629083942285823
480,0.4804804804804805,0.8086781418282736,0.7198761514202092,0.7613580350005823,0.7630635945539382
481,0.48148148148148145,0.8088974721453936,0.7196770531389008,0.7616806489796167,0.7632166617848242
482,0.4824824824824825,0.8091166962484281,0.7200734099485958,0.761962298189504,0.7633635709001699
483,0.48348348348348347,0.8093358142145122,0.7190353256383992,0.7616125370778674,0.7635118716565419
484,0.4844844844844845,0.8095548261207064,0.7195035452163775,0.7612626494751034,0.7636423231118884
485,0.4854854854854855,0.8097737320439963,0.7185545585727394,0.7609882901163914,0.7637591777174558
486,0.48648648648648646,0.8099925320612932,0.7191751180494685,0.7612036279146447,0.7638796959035201
487,0.4874874874874875,0.8102112262494342,0.7195127151107117,0.7614188387252347,0.7639933052425351
488,0.48848848848848847,0.8104298146851817,0.7198502734546752,0.7617233963294119,0.764108153409662
489,0.4894894894894895,0.810648297445224,0.7201884758739051,0.7623704198652672,0.7642382879494991
490,0.4904904904904905,0.8112936117373413,0.7204833321635734,0.7616909357497614,0.7643654734258298
491,0.49149149149149146,0.8131756502531251,0.7206527903132002,0.7611639397758833,0.7645077422161326
492,0.4924924924924925,0.8147117807720127,0.7208221777205245,0.7604757498333693,0.7646403014669818
493,0.4934934934934935,0.8154728442344433,0.7209914944298356,0.7606130400612262,0.7647592109563401
494,0.4944944944944945,0.8162326210255887,0.7206754913380985,0.7608454910187591,0.7648587601061215
495,0.4954954954954955,0.8169911144056068,0.7203603403987802,0.7603163715662816,0.7649644697855467
496,0.4964964964964965,0.817748327623651,0.7197571351279195,0.7597868340238042,0.7650676931418143
497,0.4974974974974975,0.8182365183063947,0.7188955403817592,0.7592568176435988,0.7651601294356111
498,0.4984984984984985,0.8183646681876942,0.7185383140167756,0.7587263669449726,0.7652455837472896
499,0.4994994994994995,0.8184927814191227,0.7190557579466337,0.7581954513673899,0.7653402814581876
500,0.5005005005005005,0.8186208580164005,0.7193956492089636,0.7572167163728701,0.765427815508888
501,0.5015015015015015,0.8187488979952382,0.7196763253220116,0.7588795098646464,0.7655141315090658
502,0.5025025025025025,0.8188769013713385,0.719903394472044,0.7590425681307159,0.7656041314560899
503,0.5035035035035035,0.8190048681603944,0.7201303348849905,0.7592055514671403,0.7656969426992797
504,0.5045045045045045,0.8191327983780898,0.7194971461037262,0.7593684599255565,0.7658012539985145
505,0.5055055055055055,0.8192606920401004,0.7194630767816875,0.7587665213785403,0.7659051149511763
506,0.5065065065065065,0.8193885491620921,0.7195846170542477,0.7582166354395289,0.766018113182535
507,0.5075075075075075,0.8195163697597223,0.7196433392856999,0.7579495503585129,0.7661297951790254
508,0.5085085085085085,0.8196441538486396,0.722100111637255,0.7576823900033463,0.76623726860488
509,0.5095095095095095,0.8197719014444834,0.7224445172537777,0.757415154297977,0.7663520960922202
510,0.5105105105105106,0.819899612562884,0.7237206534238861,0.7564643570803676,0.7664676198340464
511,0.5115115115115115,0.8200272872194633,0.7250900414576449,0.7566817201612729,0.7665781078900604
512,0.5125125125125125,0.8201549254298337,0.7237477148397331,0.7568989487174203,0.7666806966920051
513,0.5135135135135135,0.8202825272095989,0.7231990345002676,0.7574661921425391,0.7667798195127885
514,0.5145145145145145,0.820410092574354,0.7249536138859927,0.75733213063614,0.766878024144069
515,0.5155155155155156,0.820537621539685,0.7243117979662531,0.7571980500861079,0.7669592693396301
516,0.5165165165165165,0.8206651141211688,0.7246627256370342,0.7570639504828243,0.7670276866103611
517,0.5175175175175175,0.8207925703343737,0.7235598351124058,0.756929831816665,0.7670808548364442
518,0.5185185185185185,0.8209199901948587,0.7223197170088109,0.7567956940779987,0.7671286612496503
519,0.5195195195195195,0.8210473737181747,0.7210771876155319,0.7566615372571879,0.7671640464322289
520,0.5205205205205206,0.8211747209198628,0.7212939835029705,0.757171108900251,0.7672069809118224
521,0.5215215215215215,0.8213020318154558,0.7215279486074578,0.7574987258561485,0.7672532309913883
522,0.5225225225225225,0.8214293064204776,0.7188014355922017,0.7591276012598172,0.7672996813866779
523,0.5235235235235235,0.8215565447504434,0.7191530829914744,0.7597576307209293,0.7673553662759949
524,0.5245245245245245,0.821683746820859,0.7193965108291883,0.7600874483354506,0.7674156485723325
525,0.5255255255255256,0.821810912647222,0.7187698026010859,0.7604616507449222,0.767472716215208
526,0.5265265265265265,0.822072226122048,0.7189573419803904,0.76106965315028,0.7675306680729581
527,0.5275275275275275,0.8230410904872538,0.7191337463273355,0.7614005677473071,0.7675742940903858
528,0.5285285285285285,0.8240078529341769,0.7193100673701885,0.7617314121259299,0.767615155821813
529,0.5295295295295295,0.8249725202954665,0.719486305167944,0.7620628733393557,0.7676485628376913
530,0.5305305305305306,0.8257886648362834,0.7179411316201756,0.7623943215522152,0.7676765390334391
531,0.5315315315315315,0.8261801043818817,0.7182946225822151,0.7627263306828367,0.7677129838348172
532,0.5325325325325325,0.8265711991712595,0.7176112510818682,0.7631600694738191,0.7677469761182447
533,0.5335335335335335,0.8269619496596773,0.716997007415158,0.7636368814674431,0.7677813176651745
534,0.5345345345345345,0.8273523563015938,0.716467814136048,0.7637321120561996,0.7678003342564581
535,0.5355355355355356,0.8277424195506683,0.7164264173308215,0.7638273164301148,0.7678178315217771
536,0.5365365365365365,0.8281321398597625,0.7141666188435069,0.7639224946000119,0.767834498398683
537,0.5375375375375375,0.8285215176809422,0.7135282004652815,0.7640176465767078,0.767842365996195
538,0.5385385385385385,0.8289105534654788,0.7132852458287305,0.7641127723710136,0.7678570247388191
539,0.5395395395395395,0.8292992476638517,0.7135216733976053,0.7642078719937345,0.7678777712653004
540,0.5405405405405406,0.8285678600074373,0.713757946049083,0.7633119020487374,0.7678916133920721
541,0.5415415415415415,0.8267181175351657,0.71424344383136,0.7629741607060067,0.7679146070335509
542,0.5425425425425425,0.8248644957015226,0.7149546240762267,0.7633079991551461,0.7679288702836847
543,0.5435435435435435,0.824828743914379,0.7156672202918992,0.7628281253401592,0.7679483004680151
544,0.5445445445445445,0.826139882355875,0.7149168817666276,0.7614345475375269,0.7679743046212716
545,0.5455455455455456,0.8274470766798862,0.7152738498144887,0.7616016522658805,0.7680108851887592
546,0.5465465465465466,0.8279915270401197,0.7149838864950891,0.7617686750090594,0.7680442961329458
547,0.5475475475475475,0.828122082139053,0.7143415092882622,0.7619356158273847,0.7680676780242789
548,0.5485485485485485,0.8282525979364337,0.7143953731964423,0.7622606932643505,0.7681003206238513
549,0.5495495495495496,0.8283830744500057,0.714752724589818,0.7617167414493029,0.7681316335643905
550,0.5505505505505506,0.8285135116975023,0.713884386114335,0.76207744228124,0.7681578417806388
551,0.5515515515515516,0.8286439096966464,0.7137712054713288,0.761684742666043,0.7681945733835015
552,0.5525525525525525,0.8287742684651495,0.7140098030889354,0.7611954422942241,0.7682354060101331
553,0.5535535535535535,0.8289045880207133,0.7142482402237142,0.7609218806380426,0.7682566756157133
554,0.5545545545545546,0.8290348683810281,0.7137689248003526,0.7606482347605316,0.7682395838251012
555,0.5555555555555556,0.8291651095637744,0.7127391482146775,0.7603745045783259,0.7681957541252257
556,0.5565565565565566,0.8292953115866214,0.7130263459852199,0.7607446872393447,0.7681421033327371
557,0.5575575575575575,0.8294254744672278,0.7118921063858042,0.7610730401672215,0.7680779226212927
558,0.5585585585585585,0.829555598223242,0.7115663873801259,0.7612415304808362,0.7680139155959758
559,0.5595595595595596,0.8296856828723014,0.71124057521046,0.7614099358728768,0.7679414784704562
560,0.5605605605605606,0.8298157284320329,0.7109146697504822,0.7615782564075296,0.7678733125555071
561,0.5615615615615616,0.8299457349200531,0.7109495509700666,0.7617393693436333,0.7678075078410386
562,0.5625625625625625,0.8300757023539673,0.7113094860861362,0.7616176028176032,0.7677589286105272
563,0.5635635635635635,0.8302056307513712,0.7118771785497604,0.7609615673073375,0.7677126407930722
564,0.5645645645645646,0.8303355201298492,0.7125993636864463,0.7611870885877673,0.7676614394297928
565,0.5655655655655656,0.8304653705069757,0.712935855707876,0.7614124562776914,0.7676007549966399
566,0.5665665665665666,0.8305951819003137,0.7130393829316822,0.7619309319063032,0.7675398703268015
567,0.5675675675675675,0.8307249543274166,0.7131428791195782,0.7607062340644979,0.7674870953327153
568,0.5685685685685685,0.8308546878058267,0.7132463442855177,0.760154023374652,0.767446016996633
569,0.5695695695695696,0.8309843823530759,0.7133497784434469,0.7596798759333825,0.7673995235046548
570,0.5705705705705706,0.8311140379866856,0.7134531816073029,0.7598157058225167,0.767351480875116
571,0.5715715715715716,0.8312436547241667,0.7135565537910147,0.7599514792684547,0.7672791190378417
572,0.5725725725725725,0.8313732325830198,0.7124457067636536,0.7600871963063711,0.7672105523350201
573,0.5735735735735735,0.8315027715807343,0.7126270324549124,0.7602228569714112,0.7671418116132667
574,0.5745745745745746,0.8316322717347899,0.7128082624766888,0.7608176041538738,0.7670685683437658
575,0.5755755755755756,0.8317617330626557,0.7129893969046774,0.7604264331041616,0.7669958919065135
576,0.5765765765765766,0.8335655116875422,0.7132251249359374,0.7598716646077356,0.7669258751275319
577,0.5775775775775776,0.835563023809198,0.7134673014119974,0.7593162879061527,0.7668545715055365
578,0.5785785785785785,0.8343598150976954,0.7137093070546081,0.7587605320633592,0.7667787780237155
579,0.5795795795795796,0.8329536503109171,0.711168865169955,0.7583117729857558,0.7667031096462082
580,0.5805805805805806,0.8315451194484289,0.7105037426054509,0.7577668926679461,0.7666380544905956
581,0.5815815815815816,0.8302127242444007,0.7105584810009345,0.7571443415125851,0.7665905528724349
582,0.5825825825825826,0.8308355913667662,0.7100305037202691,0.7565153137089046,0.7665388432222986
583,0.5835835835835835,0.8314575419685354,0.7095022766251079,0.7565896262598092,0.7664865862473687
584,0.5845845845845846,0.8320785780711486,0.7082179505570361,0.7562164297096162,0.7664282926125536
585,0.5855855855855856,0.8326987016901055,0.7085811238533933,0.7558430719631241,0.7663665309268046
586,0.5865865865865866,0.8333179148349881,0.7091808738050746,0.7554292433578575,0.766298515020539
587,0.5875875875875876,0.8339362195094814,0.7091957505219503,0.7556566610036084,0.7662341082102259
588,0.5885885885885885,0.8342372997771152,0.7088641130176608,0.7558839158575412,0.7661698007805493
589,0.5895895895895896,0.8344008521064492,0.708532376494367,0.7555415344826625,0.7661080121619933
590,0.5905905905905906,0.8345643409069075,0.7082005408174267,0.7549791930584968,0.7660424880965495
591,0.5915915915915916,0.8347277662154982,0.707612349810344,0.7539822375941192,0.765973739461146
592,0.5925925925925926,0.8348911280691996,0.7069474713025626,0.7540225486055843,0.7659041026673344
593,0.5935935935935935,0.8350544265049629,0.7074240160095884,0.7543636909977259,0.7658376811566653
594,0.5945945945945946,0.8352176615597092,0.7063851620569381,0.7546077616571198,0.7657695934999268
595,0.5955955955955956,0.8353808332703313,0.7057169643484908,0.7540429917217777,0.7657006833260928
596,0.5965965965965966,0.835543941673694,0.7047731813653991,0.7529340946182171,0.7656206785834417
597,0.5975975975975976,0.8357069868066325,0.7054753798868283,0.7530710163190901,0.7655294396206017
598,0.5985985985985985,0.8358699687059544,0.7048040301083502,0.7532078780121017,0.765444142643589
599,0.5995995995995996,0.8360328874084381,0.7043248770184751,0.7533446797366922,0.7653514757259196
600,0.6006006006006006,0.8361957429508337,0.7040558811064237,0.7534814215322675,0.765249890882881
601,0.6016016016016016,0.8363585353698628,0.70378681967714,0.7536174178618861,0.765143199265421
602,0.6026026026026026,0.8365212647022184,0.7035176926587574,0.7531514463077587,0.7650211638494876
603,0.6036036036036035,0.8366839309845656,0.7032484999793042,0.7524506801658364,0.7648824752851088
604,0.6046046046046046,0.8368465342535403,0.7035796699004667,0.7520712429698472,0.7647510988286713
605,0.6056056056056056,0.8370090745457506,0.7047978783111829,0.7516916362762426,0.7646470123822309
606,0.6066066066066066,0.8371715518977761,0.7051647880611553,0.7526746748192705,0.7645530272656739
607,0.6076076076076076,0.8373339663461679,0.7043199458130838,0.7535008561810629,0.7644766363367173
608,0.6086086086086087,0.8374963179274492,0.7037785797594529,0.753120406169049,0.7644055322353199
609,0.6096096096096096,0.8376586066781142,0.7030461993103428,0.7527397839690317,0.7643443474374857
610,0.6106106106106106,0.8378208326346299,0.7022311949774922,0.7528346284239369,0.7642909323708171
611,0.6116116116116116,0.8379829958334343,0.7028275179526763,0.7510917071453146,0.76424071975536
612,0.6126126126126126,0.8382162207493501,0.703073162630259,0.7514910298762455,0.7641873498765833
613,0.6136136136136137,0.8386092691758575,0.7033186183126884,0.7512358670286273,0.7641160349107139
614,0.6146146146146146,0.8390019490596872,0.7036081424812984,0.7509806264284253,0.7640447568501544
615,0.6156156156156156,0.8393942609189432,0.703977221464427,0.7507253080077838,0.7639710415807722
616,0.6166166166166166,0.8397862052707593,0.7040390243062724,0.750469911698768,0.7638978035904594
617,0.6176176176176176,0.8401777826313007,0.7036503102724012,0.7510829743814293,0.7638300967547942
618,0.6186186186186187,0.8405689935157666,0.7032614562265534,0.7505811266368057,0.7637688827824836
619,0.6196196196196196,0.8409598384383921,0.7028724619498453,0.7500053435967595,0.7636986000987667
620,0.6206206206206206,0.8413503179124505,0.7032350953938622,0.7488853668269707,0.7636297868232825
621,0.6216216216216216,0.8417404324502561,0.7008978995543216,0.7495038677863224,0.7635692712711035
622,0.6226226226226226,0.8421126726026313,0.7002131175279781,0.7484663363385172,0.7635129174971228
623,0.6236236236236237,0.8422284916936177,0.6996320370982121,0.7489951693782493,0.7634493518949385
624,0.6246246246246246,0.8423442786240565,0.700124489796088,0.7477058541834932,0.763396435318266
625,0.6256256256256256,0.8424600334073414,0.7006017125664173,0.746653911406686,0.7633538330609202
626,0.6266266266266266,0.8425757560568585,0.6999146109494307,0.7463633785938429,0.7633033537184516
627,0.6276276276276276,0.8426914465859866,0.6992266914863202,0.7460727445210983,0.763244139078185
628,0.6286286286286287,0.8428071050080969,0.6985381486806765,0.7457820090886199,0.7631808586737999
629,0.6296296296296297,0.8429227313365534,0.6985255799537917,0.7452807450903853,0.763122471332438
630,0.6306306306306306,0.8430383255847126,0.6987723777607722,0.7446983588157635,0.7630696117424548
631,0.6316316316316316,0.8431538877659236,0.699018978915324,0.7432631652073736,0.7630138867869388
632,0.6326326326326326,0.8432694178935278,0.6999075846531714,0.7430507320808618,0.7629465464895426
633,0.6336336336336337,0.8433849159808599,0.7002793202647092,0.7428382450365579,0.7628851522591196
634,0.6346346346346347,0.8435003820412464,0.7020620847079785,0.7426257040355853,0.7628222102615897
635,0.6356356356356356,0.8436158160880071,0.702311528010489,0.742413109039029,0.7627696469551115
636,0.6366366366366366,0.8437312181344538,0.7025607692694231,0.7431483799377973,0.7627186378661996
637,0.6376376376376376,0.8438465881938912,0.7023060521834399,0.7436098001677554,0.7626655445585382
638,0.6386386386386387,0.843961926279617,0.7013834062072586,0.74253210877014,0.7625983242941617
639,0.6396396396396397,0.8440772324049209,0.7011741145814269,0.7428284384003692,0.7625311830901069
640,0.6406406406406406,0.8441925065830856,0.700989304482731,0.7420145158021701,0.7624622334583445
641,0.6416416416416416,0.8443077488273864,0.7008044618986797,0.7414264515389242,0.7623900634314
642,0.6426426426426426,0.8444229591510908,0.7006195868055859,0.7409206618064976,0.7623083538893489
643,0.6436436436436437,0.8445381375674598,0.70043467917974,0.7415225934666292,0.7622157924729277
644,0.6446446446446447,0.8446532840897465,0.7002497389974083,0.7411858598164524,0.762123929227407
645,0.6456456456456456,0.8447683987311967,0.7000647662348352,0.7408489891586546,0.7620284308580197
646,0.6466466466466466,0.8448834815050489,0.7004864470137641,0.7405119813384138,0.7619185675313694
647,0.6476476476476476,0.8449985324245344,0.6996264550223383,0.7400041027913787,0.7618093144350829
648,0.6486486486486487,0.8451135515028769,0.7000009061011504,0.7394133882743176,0.7617024319361075
649,0.6496496496496497,0.8452285387532932,0.7004666018374772,0.740090500004728,0.7615919231583529
650,0.6506506506506506,0.8453434941889924,0.7013895846009914,0.7404512199997503,0.7614826516540121
651,0.6516516516516516,0.8454584178231764,0.7006921375650464,0.7398591508036096,0.7613787643971084
652,0.6526526526526526,0.8455733096690398,0.6991474886729157,0.7399821346061335,0.7612531651231728
653,0.6536536536536537,0.8456881697397701,0.6983128638828342,0.7395074681752268,0.7611277919380898
654,0.6546546546546547,0.8458029980485474,0.698614322767501,0.7390325270852773,0.7610093919960493
655,0.6556556556556556,0.8459177946085442,0.6989154768658589,0.7395766583819888,0.7608933798557712
656,0.6566566566566566,0.846032559432926,0.6991403873131514,0.7397997241931438,0.7607785884625144
657,0.6576576576576576,0.8461472925348512,0.6993561335175619,0.7392045232241602,0.7606705996314242
658,0.6586586586586587,0.8464989353827655,0.6995717233743789,0.7396907923284528,0.7605572228931907
659,0.6596596596596597,0.8468646202845252,0.6986748888755498,0.7392256690738178,0.76042526737948
660,0.6606606606606606,0.8472299829785064,0.6992024545052725,0.7389699665825558,0.7602850746564779
661,0.6616616616616616,0.8475950238903712,0.69950549954931,0.7379817419928597,0.760136367216245
662,0.6626626626626626,0.8479597434450323,0.6998379349388161,0.7359812664753765,0.7599819087247499
663,0.6636636636636637,0.8483241420666543,0.7004030969219398,0.733768473817684,0.7598207409822587
664,0.6646646646646647,0.8486882201786561,0.6990882359107283,0.7351146942073895,0.7596533414312999
665,0.6656656656656657,0.849051978203712,0.698522826676425,0.7354666194296218,0.7594596894646519
666,0.6666666666666666,0.8494154165637531,0.6979571031579846,0.735682256546892,0.7592641237797524
667,0.6676676676676676,0.8497785356799695,0.696817065537363,0.7351979801246512,0.7590613465818649
668,0.6686686686686687,0.8501413359728116,0.695894424326312,0.7347134102735594,0.758855740273087
669,0.6696696696696697,0.8500828862068944,0.6951843075813606,0.7350893060262162,0.7586283596269865
670,0.6706706706706707,0.8498635772119643,0.6947013327517776,0.7346614835050153,0.7583683178741066
671,0.6716716716716716,0.849644204838763,0.694294825819402,0.7327226604976215,0.7581065440767694
672,0.6726726726726726,0.8494247690392839,0.6938881572993482,0.7321135497204404,0.7578353883584468
673,0.6736736736736737,0.8492052697654705,0.6936892505095873,0.7315445838507957,0.757559482251468
674,0.6746746746746747,0.8489857069692193,0.6939057241520048,0.7310564240523961,0.7572811278906673
675,0.6756756756756757,0.8487660806023767,0.6941220355008573,0.7305679663362525,0.7569788534780956
676,0.6766766766766766,0.8485463906167415,0.6943381847385869,0.7309363317188483,0.7566348799950082
677,0.6776776776776777,0.8483266369640633,0.6906346940543031,0.7306757256696267,0.7562840145926962
678,0.6786786786786787,0.8481068195960428,0.6912547608325457,0.7294472048471213,0.7559220342901216
679,0.6796796796796797,0.8478869384643322,0.6917948642930833,0.7293302688877931,0.7555584964568625
680,0.6806806806806807,0.8476669935205345,0.6920988896310484,0.7292133157665983,0.7551908454522844
681,0.6816816816816816,0.8474469847162035,0.6924026487996452,0.7290963454771281,0.7548056114792027
682,0.6826826826826827,0.8472269120028443,0.6927074707160065,0.7289793580129693,0.754416094300963
683,0.6836836836836837,0.8470067753319133,0.6930119649782102,0.7288623533677067,0.7540185412278665
684,0.6846846846846847,0.8467865746548167,0.6907813814946363,0.728745331534921,0.7536218110747577
685,0.6856856856856857,0.846566309922912,0.6915440817343835,0.7286282925081903,0.7532331382709341
686,0.6866866866866866,0.8463459810875076,0.6907309974133035,0.7285112362810889,0.7528422187723972
687,0.6876876876876877,0.8461255880998623,0.6912884671958731,0.7283941628471886,0.7524524080940672
688,0.6886886886886887,0.8459051309111854,0.6915845485042299,0.7276140965285203,0.7520487685903205
689,0.6896896896896897,0.8456846094726368,0.6897890713275852,0.7267916291600797,0.7516394602141332
690,0.6906906906906907,0.8454640237353268,0.6870891623050788,0.7258978484491839,0.7512052493968228
691,0.6916916916916916,0.8452433736503162,0.6863587201328157,0.7256726832952298,0.7507669307446889
692,0.6926926926926927,0.8450226591686161,0.6850436375505848,0.7254474542689858,0.7502969425793072
693,0.6936936936936937,0.844801880241188,0.6844814009541419,0.7252221613248379,0.7498147635353959
694,0.6946946946946947,0.8425946200170918,0.6841147469262303,0.7249968044171284,0.7493209369941164
695,0.6956956956956957,0.8390981200945551,0.6837479588218158,0.723456415796631,0.7488269775451124
696,0.6966966966966966,0.8392906563425057,0.6833810364544647,0.7229590703350909,0.7483251297709099
697,0.6976976976976977,0.8394830998209701,0.6824505712490844,0.722461413883829,0.7478348660654389
698,0.6986986986986987,0.8396754505969807,0.6820912090812167,0.7206487961922916,0.7473444144748881
699,0.6996996996996997,0.8398677087375053,0.6824723439251735,0.719599576013159,0.7468585818264426
700,0.7007007007007007,0.8400598743094472,0.6819419698933623,0.7175358112692127,0.7463777964878323
701,0.7017017017017017,0.8402519473796454,0.6804637237621936,0.7138406847355382,0.7459000883735081
702,0.7027027027027027,0.8404439280148741,0.6788843517198005,0.712999019903422,0.7453954696682391
703,0.7037037037037037,0.8406358162818439,0.6767716502830188,0.7119124800893167,0.7449009527396337
704,0.7047047047047047,0.8408276122472009,0.6759555397771235,0.7111040612848535,0.7444064750336143
705,0.7057057057057057,0.8410193159775271,0.6755828689401447,0.7105970592832106,0.743914472142816
706,0.7067067067067067,0.8412109275393406,0.675210060070959,0.7090481443645844,0.7434366810050903
707,0.7077077077077077,0.8414024469990953,0.6748371129747355,0.7091369826947284,0.7429725927274367
708,0.7087087087087087,0.8415938744231812,0.6736790932865595,0.708609361383063,0.7425002430122839
709,0.7097097097097097,0.841785209877925,0.6753052985916734,0.7079712291903392,0.7420235647782912
710,0.7107107107107107,0.8419764534295894,0.6751615156554208,0.7081602701638791,0.741552701285349
711,0.7117117117117117,0.8421676051443733,0.6764216274772935,0.7070024881685084,0.74105495206796
712,0.7127127127127127,0.8423586650884121,0.6769344825842383,0.7061480839754092,0.7405628491822517
713,0.7137137137137137,0.8425496333277778,0.6757867184588676,0.7036857489993408,0.7400625743642946
714,0.7147147147147147,0.842740509928479,0.674733904776997,0.7023971165441432,0.7395600475158971
715,0.7157157157157157,0.8429312949564611,0.6752810602763231,0.6982445400155151,0.739057104731164
716,0.7167167167167167,0.843121988477606,0.6751316510527848,0.6977250310028769,0.7385734814513754
717,0.7177177177177178,0.8404558074375599,0.6734855916405951,0.6972051878870862,0.7380965308417966
718,0.7187187187187187,0.8375300381641911,0.6741331027508536,0.6963570467085061,0.737610233906713
719,0.7197197197197197,0.837769374440545,0.672455514785933,0.6949688205304444,0.7371160157939112
720,0.7207207207207207,0.8381107072254095,0.6720179021100585,0.6946520947813827,0.7366320119277926
721,0.7217217217217217,0.8384517418906428,0.6715800900386787,0.6924118520864444,0.7361764133446479
722,0.7227227227227228,0.8387924788266408,0.6711032390661594,0.6917556263259305,0.7357260202309546
723,0.7237237237237237,0.8391329184231172,0.6700796816380354,0.691174782643622,0.7352845157276281
724,0.7247247247247247,0.8394730610691066,0.6699848040403694,0.6906488438042453,0.7348567594759389
725,0.7257257257257257,0.8398129071529644,0.670501287423122,0.6900735037901404,0.7344248396176852
726,0.7267267267267267,0.8401524570623702,0.671019058147769,0.6891952257377423,0.7340046927084866
727,0.7277277277277278,0.8404917111843273,0.6679674675639317,0.6881550664197549,0.7336145317547872
728,0.7287287287287287,0.8408306699051654,0.6676580355286063,0.6854872611776281,0.7332115042214783
729,0.7297297297297297,0.8411693336105414,0.6673485035712369,0.6846358590729653,0.7328153637856325
730,0.7307307307307307,0.8415077026854417,0.6670388715797803,0.685189055087848,0.7324216285784779
731,0.7317317317317317,0.8438041296543083,0.6667291394420263,0.6853438857497964,0.7320280942968899
732,0.7327327327327328,0.8458443008340858,0.6665975651004766,0.6854986065774145,0.7316350721907129
733,0.7337337337337337,0.8460797801210428,0.6649112365048568,0.6856532176875322,0.7312536416870328
734,0.7347347347347347,0.8463151160211028,0.6638264886590358,0.6858077191968148,0.7308820895286794
735,0.7357357357357357,0.8465503086651915,0.6627765915232495,0.6849442730757761,0.7304986543118424
736,0.7367367367367368,0.8467853581840759,0.6591510336356449,0.6846466620852308,0.730080326386315
737,0.7377377377377378,0.8470202647083626,0.6589272685111783,0.6843489400489892,0.7296381407646892
738,0.7387387387387387,0.8472550283685005,0.6579600357608264,0.6840511068661584,0.7291754984792002
739,0.7397397397397397,0.8474896492947795,0.6577195574546694,0.6830079613896675,0.7287016560938552
740,0.7407407407407407,0.8477241276173308,0.6551211471408527,0.6824697891379635,0.7282301437983948
741,0.7417417417417418,0.8479584634661282,0.6544847143271503,0.6820134948886499,0.7277814208878169
742,0.7427427427427428,0.848192656970987,0.6538478564785631,0.6822608203632802,0.7273267056602741
743,0.7437437437437437,0.8484267082615647,0.6510973281948833,0.6815862834639485,0.7268846819689438
744,0.7447447447447447,0.848660617467362,0.6507741173238678,0.6794553364702574,0.7264336495368313
745,0.7457457457457457,0.8488943847177218,0.650767426262359,0.6779917688642113,0.7259852232991814
746,0.7467467467467468,0.8491280101418307,0.6497782847137956,0.6776896166362295,0.7255031113831795
747,0.7477477477477478,0.8493614938687178,0.649971773434689,0.6773873494335716,0.7250446231124791
748,0.7487487487487487,0.8495948360272565,0.6501650927660868,0.6770849671516004,0.7245942386237308
749,0.7497497497497497,0.8498280367461634,0.6503582429303294,0.6767824696855509,0.7241603952985656
750,0.7507507507507507,0.8507688432895858,0.6480313779932754,0.6770556690801713,0.7237197882604897
751,0.7517517517517518,0.8536869850362163,0.6453783307988722,0.6761898625295412,0.7232724119514742
752,0.7527527527527528,0.8539083156545999,0.6442983697658128,0.6766550445409704,0.7228127394661505
753,0.7537537537537538,0.8534535793155948,0.6432165819140375,0.6739939258122051,0.7223763624332628
754,0.7547547547547547,0.8529985432588565,0.6426344104799526,0.6730775062309683,0.7219448114070842
755,0.7557557557557557,0.8525432070470028,0.6429426875689407,0.672159831998567,0.7215079397712976
756,0.7567567567567568,0.8520875702418,0.6432505224286684,0.6716504064474186,0.7210565247936579
757,0.7577577577577578,0.8516316324041614,0.641775307307279,0.6719298100183907,0.7205741976968728
758,0.7587587587587588,0.8511753930941443,0.6435472737178,0.6722950087935496,0.7200471359277819
759,0.7597597597597597,0.8507188518709481,0.6435544994826341,0.672761497511164,0.7195030596587814
760,0.7607607607607607,0.8502620082929132,0.6427368558429355,0.6733972853480205,0.7189597417760671
761,0.7617617617617618,0.8498048619175171,0.6398821253730967,0.6716070793526033,0.7184103637819775
762,0.7627627627627628,0.8493474123013744,0.6392959525773232,0.6692939558027358,0.7178549938278271
763,0.7637637637637638,0.8488896590002327,0.6379948205695823,0.6677724823983971,0.7172808094256201
764,0.7647647647647647,0.8485421782093131,0.6348783654673978,0.6661036721514805,0.7167013596972934
765,0.7657657657657657,0.8490351416626294,0.6335243729910721,0.6651706353904832,0.7160788267194275
766,0.7667667667667668,0.8495274587625642,0.6340385876973427,0.6642362434699967,0.7154537685365984
767,0.7677677677677678,0.850019130779493,0.6322643557032495,0.6641237542364941,0.714803702765399
768,0.7687687687687688,0.8505101589804634,0.6286038323394928,0.6644029708717494,0.7141424448470143
769,0.7697697697697697,0.851000544629208,0.6229371338360706,0.6650745470450572,0.7134896890517974
770,0.7707707707707707,0.8514902889861532,0.6209570447094869,0.6641371617008236,0.7128366797614712
771,0.7717717717717718,0.8519793933084316,0.6165338518436754,0.662504335816439,0.7121433521758844
772,0.7727727727727728,0.8524678588498916,0.617825839879932,0.6620012798687716,0.7114594050009724
773,0.7737737737737738,0.8530236539934277,0.6172509274311144,0.6624679360157395,0.7107633885589265
774,0.7747747747747747,0.8537127410385119,0.6166756600270468,0.6636209528889194,0.7100511809082376
775,0.7757757757757757,0.8544005578872361,0.6161315668535811,0.6621617073473038,0.7093352139129163
776,0.7767767767767768,0.8550871080484022,0.6156375991583181,0.6612144158801511,0.7085887233095239
777,0.7777777777777778,0.8557723950179001,0.6151433699742634,0.6591210857011881,0.7078304900931786
778,0.7787787787787788,0.8564564222787671,0.6146488788582536,0.6587432579991523,0.7070488212160574
779,0.7797797797797797,0.8571391933012473,0.6123839524888328,0.6584255138159973,0.7062834559205207
780,0.7807807807807807,0.856979854939708,0.6112248437280867,0.6581076373115878,0.7055268426854806
781,0.7817817817817818,0.8568159320651051,0.6100635773404833,0.6577896283686001,0.7047429300051908
782,0.7827827827827828,0.8566519686174926,0.6085769632441707,0.656852177176357,0.70390771487539
783,0.7837837837837838,0.8564879645762677,0.6051171806885388,0.6556948765762607,0.7030703867237317
784,0.7847847847847848,0.8563239199208139,0.602173238450325,0.6549034067852079,0.7022213583515945
785,0.7857857857857857,0.8561598346305005,0.6012911986824171,0.6553706545087664,0.7013720346813158
786,0.7867867867867868,0.8559957086846828,0.6005705863387473,0.6536500451450805,0.7004837588406082
787,0.7877877877877878,0.8558315420627022,0.5987981445785596,0.6509817642786854,0.6995862705993648
788,0.7887887887887888,0.8556673347438862,0.5962801071162808,0.6504988178706823,0.6986788392704218
789,0.7897897897897898,0.8555030867075485,0.5950917092903282,0.6500155665636255,0.6977809388406904
790,0.7907907907907907,0.8553387979329881,0.5941907827247576,0.6434400418678828,0.6968980011625372
791,0.7917917917917918,0.8551744683994906,0.5928624807769586,0.6416442127468381,0.6959963812626249
792,0.7927927927927928,0.8550100980863271,0.5918156756126749,0.6381708359894366,0.6950636155583395
793,0.7937937937937938,0.8548456869727552,0.5910969959640017,0.6371861893632149,0.6940761363323806
794,0.7947947947947948,0.8546812350380177,0.5903777725328995,0.6361796756812929,0.6930539055744603
795,0.7957957957957957,0.854516742261344,0.588713579214458,0.635749328365771,0.6920039611095079
796,0.7967967967967968,0.8543522086219492,0.582066563354039,0.6351556872735308,0.6909291380672753
797,0.7977977977977978,0.8541876340990336,0.582644320451781,0.6351200391794863,0.689870551785052
798,0.7987987987987988,0.8540230186717847,0.5820772686275697,0.634129813804628,0.688795727660093
799,0.7997997997997998,0.8538583623193745,0.5797071395001168,0.634311623570032,0.6876997313313932
800,0.8008008008008007,0.8536936650209623,0.579143775079854,0.6345883589770654,0.6865320677657764
801,0.8018018018018018,0.8535289267556918,0.5776301236366971,0.6304837776516097,0.6853110152829902
802,0.8028028028028028,0.8533641475026935,0.5765367048735216,0.6293446438875746,0.6840704354996943
803,0.8038038038038038,0.8531993272410834,0.5755510599350964,0.6265160045856747,0.6828263519517052
804,0.8048048048048048,0.8530344659499631,0.5750206053546933,0.6255081255200682,0.6815480375407525
805,0.8058058058058059,0.8528695636084205,0.5731631270438295,0.6269159443563787,0.6801938023575868
806,0.8068068068068068,0.8527046201955288,0.5703906489620956,0.6246118173725529,0.6787842580441753
807,0.8078078078078078,0.8525396356903475,0.5648590734798615,0.6218018750881438,0.6773568017462627
808,0.8088088088088088,0.8523746100719212,0.563486544977167,0.6213643874770164,0.6758950721381941
809,0.8098098098098098,0.8522095433192809,0.5639801442010216,0.6209266471482098,0.6743697670528653
810,0.8108108108108109,0.8520444354114427,0.5645552380879849,0.6204886538126718,0.6728319839746125
811,0.8118118118118118,0.851879286327409,0.5590140426897549,0.619596616838459,0.67123815840064
812,0.8128128128128128,0.8517140960461675,0.555354554120077,0.6169097155667422,0.6696194188215596
813,0.8138138138138138,0.851548864546692,0.5542157171899104,0.6133357456165547,0.6679969150592365
814,0.8148148148148148,0.8513835918079415,0.5548217110930068,0.6110728933183524,0.666370044177606
815,0.8158158158158159,0.8489471107715314,0.5551924690928969,0.610295171206324,0.6647001089165006
816,0.8168168168168168,0.8452043056227817,0.556020623191868,0.6085573765429502,0.6630143548926635
817,0.8178178178178178,0.8448225439232069,0.5530560767534027,0.6072105164976305,0.6613196986959005
818,0.8188188188188188,0.8444405647660806,0.5502858918957353,0.6005964624857157,0.6596076794842799
819,0.8198198198198198,0.844058367895296,0.5471409919342234,0.5959162964003719,0.6578456977449759
820,0.8208208208208209,0.8436759530543434,0.5416585205256893,0.5930362487925662,0.6560170786325924
821,0.8218218218218218,0.8432933199863103,0.5383732243452929,0.5904700256033011,0.6540757007336726
822,0.8228228228228228,0.8429104684338802,0.5353367871295044,0.5908066242249993,0.6521098253975026
823,0.8238238238238238,0.8425273981393318,0.5358755553335792,0.5894439340069507,0.6501113070062352
824,0.8248248248248248,0.8421441088445383,0.534540142596967,0.588370827707701,0.6480832164572782
825,0.8258258258258259,0.8417606002909664,0.5308172923089799,0.58277893581516,0.6460300826084295
826,0.8268268268268268,0.8413768722196767,0.5248463966721716,0.579649533329984,0.6439310606519527
827,0.8278278278278278,0.8409929243713204,0.5232728409787366,0.577864650892531,0.641803905590598
828,0.8288288288288288,0.8406087564861413,0.5223629721445744,0.576720339220308,0.6396651575698633
829,0.8298298298298298,0.8402243683039728,0.5204268881561055,0.5736151978003573,0.6375046945483791
830,0.8308308308308309,0.8398397595642385,0.5138144496372491,0.5670964673802243,0.6353219648026691
831,0.8318318318318318,0.8394549300059508,0.5111650880217573,0.5600320379997162,0.6330741765451675
832,0.8328328328328328,0.8384795271812077,0.5097792467438003,0.5580095502685295,0.6308286117550449
833,0.8338338338338338,0.8373555508043556,0.5078171506465043,0.5532637775526796,0.6285892251212114
834,0.8348348348348348,0.8362296987373588,0.5022302596218822,0.5454683854265082,0.6262996969052661
835,0.8358358358358359,0.8351019644817884,0.4997425171597764,0.5432752725420995,0.6238119041659631
836,0.8368368368368369,0.8339723415091621,0.49480387223828787,0.5401901612564391,0.6212269980227518
837,0.8378378378378378,0.8327304634962813,0.491076525851285,0.5387421952216482,0.61862657908638
838,0.8388388388388388,0.8313427098063283,0.48771678517877787,0.5383088802994146,0.6160272094912472
839,0.8398398398398398,0.8299521134305194,0.4866406791034025,0.5369422223074549,0.6134196704658795
840,0.8408408408408409,0.8285586622261716,0.4807915760878583,0.5357600292983323,0.610758168178102
841,0.8418418418418419,0.8271543924738647,0.4780190019480896,0.5298758624566077,0.6080048091200226
842,0.8428428428428428,0.8255777947691924,0.47751086072933113,0.5273101083200237,0.6052254169193763
843,0.8438438438438438,0.8239975502628845,0.476319207606259,0.5227409124413649,0.6023887341013104
844,0.8448448448448448,0.8224136412829551,0.47727490627698804,0.5138571186265125,0.5995099566812312
845,0.8458458458458459,0.8204473589216972,0.47231242958501285,0.5087001705508298,0.5966635958168056
846,0.8468468468468469,0.8161871172420617,0.4681857346964915,0.4975759793682795,0.5938056967070406
847,0.8478478478478478,0.8163300820719837,0.467552571782214,0.4869128789612991,0.590936802004713
848,0.8488488488488488,0.8185482657702593,0.46390329770439204,0.48372711639173877,0.5879942949347725
849,0.8498498498498498,0.819697001619719,0.45945796178264814,0.4807772837111894,0.5850118632064465
850,0.8508508508508509,0.8204482998502801,0.4550383005338809,0.4782610461315421,0.5819714252666517
851,0.8518518518518519,0.8211978552036976,0.4482425700908099,0.47683501444242327,0.5788756581039088
852,0.8528528528528528,0.8219456737376882,0.439853046164935,0.47438938375409595,0.5757777512032752
853,0.8538538538538538,0.8226917614819287,0.43674463921766243,0.47258064839178454,0.5726574689954546
854,0.8548548548548548,0.8234361244382172,0.42966366072564577,0.47161576431090363,0.5693479144839583
855,0.8558558558558559,0.8241947854944018,0.4277747768615569,0.46763598337514234,0.5659904513544556
856,0.8568568568568569,0.8249539519204434,0.42718047280315863,0.4569026068872805,0.5626278805096157
857,0.8578578578578578,0.825711326350702,0.4259846275583659,0.45243971973234787,0.5592476238478463
858,0.8588588588588588,0.8264669151226481,0.4263056423523932,0.44380187180676617,0.5558111426910065
859,0.8598598598598598,0.827220724543904,0.4218452144858379,0.4378617864567495,0.5522725623343153
860,0.8608608608608609,0.8087176846712195,0.41891817355497624,0.4288481873289503,0.5486926035217028
861,0.8618618618618619,0.8075027478256379,0.4093451271943467,0.42474981238077353,0.5450077998635953
862,0.8628628628628628,0.8062855479203604,0.4077277445581379,0.4186125561122304,0.5412870747255162
863,0.8638638638638638,0.8050660771307236,0.4067482031907008,0.4144605373562656,0.5374604879162942
864,0.8648648648648649,0.8038443275959487,0.40576763379082975,0.4105348950851378,0.5335889902184405
865,0.8658658658658659,0.8026202914189351,0.40265520287310924,0.4047928518973198,0.5296533629372315
866,0.8668668668668669,0.799982761139257,0.3925083132355083,0.400679740809811,0.5256218382223723
867,0.8678678678678678,0.7965879861077129,0.38979985427821406,0.39814745827278514,0.5216276136547865
868,0.8688688688688688,0.7950741413496498,0.38630732072612206,0.3896952039343856,0.517500129930689
869,0.8698698698698699,0.794354873136472,0.3850449748053239,0.37547012593362505,0.5132452351495744
870,0.8708708708708709,0.7936348221939418,0.38397789077978106,0.37400973099905327,0.5089185703170667
871,0.8718718718718719,0.7929139869316415,0.38378601372501164,0.36441215792190057,0.5045289489383391
872,0.8728728728728729,0.7921923657548428,0.382663317400626,0.3583399973233066,0.5001810211907896
873,0.8738738738738738,0.7914699570644905,0.37567367259141254,0.351706668431598,0.4958199715368546
874,0.8748748748748749,0.7907467592571893,0.37216267208565196,0.3486254017031273,0.4913485848718703
875,0.8758758758758759,0.790022770725187,0.36798788523337606,0.34185741840201644,0.4867632496010127
876,0.8768768768768769,0.789297989856362,0.3643163007256607,0.32809016193343643,0.48215713269824634
877,0.8778778778778779,0.788458931941458,0.3576690896843218,0.32576502479913527,0.47751701976397737
878,0.8788788788788788,0.7874718218134268,0.353822005144369,0.3234334114882252,0.47286424584699305
879,0.8798798798798799,0.7864832462347345,0.34539467475882923,0.3014523065985188,0.4681096096652983
880,0.8808808808808809,0.7854932011285544,0.34432693737333786,0.29075445694462543,0.4633276051375755
881,0.8818818818818819,0.784501682402924,0.3430615166112039,0.278714138307067,0.45853510554874893
882,0.8828828828828829,0.7835086859506738,0.3408543516632081,0.2691097491628231,0.4537288970788804
883,0.8838838838838838,0.782514207649358,0.3389288939399915,0.2590436056077065,0.4488731402975212
884,0.8848848848848849,0.7723864197224352,0.3390385226795876,0.2456087420277809,0.4439595664428583
885,0.8858858858858859,0.7695185353276138,0.3353301284467438,0.23134598168170223,0.43899590375823283
886,0.8868868868868869,0.7666381545872883,0.3292556533647325,0.21845098654118794,0.4341239770467519
887,0.8878878878878879,0.7640724750499576,0.32505156341156344,0.21057139041624828,0.4292634932359164
888,0.8888888888888888,0.7616512869236903,0.3154301158345331,0.2000000000000003,0.4242563867667403
889,0.8898898898898899,0.7592212569733074,0.3118746055123312,0.19393336502729747,0.4192042456925002
890,0.8908908908908909,0.7599835681220556,0.3015072789893705,0.18989319370497731,0.4141362418552033
891,0.8918918918918919,0.7617810280609291,0.2828000149843784,0.18370594319357153,0.409019984778819
892,0.8928928928928929,0.7626510174593624,0.28086403525176556,0.18041784532682317,0.40378450441239205
893,0.8938938938938938,0.7615215397337266,0.2728478386344096,0.1645243756634951,0.39839884228495237
894,0.8948948948948949,0.7603900982891908,0.25826843952966266,0.15340023098113034,0.39302870633120623
895,0.8958958958958959,0.7592566873190817,0.25577996359001137,0.13652929590366752,0.38766164920438706
896,0.8968968968968969,0.7581213009938103,0.24666441953437454,0.12506216758403466,0.38212679879153677
897,0.8978978978978979,0.7569839334607578,0.24339915393787878,0.11633279853311959,0.37651436665609445
898,0.8988988988988988,0.7558445788441622,0.23737036049086388,0.11033999642843198,0.370856888390829
899,0.8998998998998999,0.7540070667705744,0.23529899617623312,0.09275045717698222,0.36517405606905085
900,0.9009009009009009,0.7521451085590443,0.22848409442534445,0.07774674768794637,0.3594669222251302
901,0.9019019019019019,0.7502778465177635,0.22549677546528057,0.07323713840940779,0.3536779689873162
902,0.9029029029029029,0.7482723208811817,0.22238180468347885,0.06568403522912063,0.34788155051118486
903,0.9039039039039038,0.7445081809509896,0.21619566720108302,0.06360984620604411,0.342046484702696
904,0.9049049049049049,0.7417187998602277,0.20958767595369382,0.053251237478157985,0.3361982805166104
905,0.9059059059059059,0.7457511095523278,0.19699220598615655,0.0503255411946909,0.3304554107805439
906,0.9069069069069069,0.747058754075576,0.1905488433616262,0.048745511203442664,0.32450514885474996
907,0.9079079079079079,0.7483588915867719,0.17799562734309743,0.047332616791128795,0.31853509591975154
908,0.9089089089089089,0.7496515865460137,0.16492475934695167,0.04662854020048706,0.31250075476687705
909,0.9099099099099099,0.7406466949404357,0.15822697889142218,0.045923955686521266,0.30634077069403803
910,0.9109109109109109,0.7307685326912255,0.15149993934816144,0.04521886269940675,0.30025221719306405
911,0.9119119119119119,0.7241883645054474,0.14237763350458563,0.04451326068852474,0.29421936058696546
912,0.9129129129129129,0.7202035083224291,0.13677132979461365,0.040968826225881855,0.2881586303655709
913,0.9139139139139139,0.6942415986033075,0.1317032505296628,0.040593709673830324,0.28211868053611
914,0.914914914914915,0.6900671700386972,0.12301161384111028,0.040218449439147895,0.2761777207217662
915,0.9159159159159159,0.6842278564372735,0.12067136748895463,0.03984304543926569,0.270223530990827
916,0.9169169169169169,0.6757228480259566,0.11209066788505744,0.03946749759155146,0.26414410015056045
917,0.9179179179179179,0.6460706425985331,0.10697987070940804,0.03909180581330963,0.2581123212187827
918,0.9189189189189189,0.6253261975319566,0.09648682560670785,0.03871597002178124,0.2518296964418244
919,0.91991991991992,0.620698723691023,0.09040715126183116,0.03833999013414381,0.245607727153742
920,0.9209209209209209,0.6088473040987248,0.08735986487726702,0.037503064496101315,0.23944172254825133
921,0.9219219219219219,0.5901493921493519,0.07841837702315663,0.036222561634172985,0.23329011722292026
922,0.9229229229229229,0.5709549899753189,0.07657564360093251,0.034879408279621965,0.22720253253965567
923,0.9239239239239239,0.5642786262589399,0.07058428728835638,0.03273859234585278,0.22110988186366887
924,0.924924924924925,0.5511089931523168,0.06734848570555815,0.030919473997572878,0.21497184221104906
925,0.9259259259259259,0.5459674317220156,0.0630681023633058,0.029307820840788437,0.20894839838583096
926,0.9269269269269269,0.5307568293649738,0.05802024825762111,0.025381151352430194,0.20305371548376783
927,0.9279279279279279,0.5265300446276188,0.04423760539918631,0.024084775640563338,0.1971941244671276
928,0.9289289289289289,0.52227887011635,0.03406241099111673,0.02278669661866037,0.1913911569408565
929,0.92992992992993,0.5159133086052362,0.032129894241097995,0.02190879512858962,0.1855461087060152
930,0.9309309309309309,0.5048427444356545,0.028642151969580677,0.021186261568680115,0.17980965163568016
931,0.9319319319319319,0.46380844286603473,0.025912877954986483,0.020463199979017976,0.1741276943608009
932,0.9329329329329329,0.4485053765031292,0.024614251982743418,0.019739609780562953,0.1684689819543314
933,0.933933933933934,0.428751179616231,0.023313916319452083,0.01815349445122319,0.16287234636916928
934,0.934934934934935,0.40003965772334105,0.02228936425361355,0.015680122075738226,0.1573365281266347
935,0.9359359359359359,0.3895837384727183,0.021311975830436616,0.0145892844776262,0.15187346438055666
936,0.9369369369369369,0.37933671695751964,0.02033362087509753,0.013497246890363898,0.14647572815184406
937,0.9379379379379379,0.3555340719063549,0.019354297953192334,0.012164700760293872,0.14111345809273695
938,0.938938938938939,0.34668691156691284,0.0183740056274772,0.010522187775864417,0.13581373739153368
939,0.93993993993994,0.342111814004212,0.017392742457861855,0.008609994701541675,0.13069588741804147
940,0.9409409409409409,0.3376276916778373,0.016410507001401852,0.0,0.12564110296525816
941,0.9419419419419419,0.3057882941995925,0.015442828056025322,0.0,0.12061866603485677
942,0.9429429429429429,0.2906379858225386,0.014786823854345604,0.0,0.11567594283821596
943,0.943943943943944,0.24856092134428037,0.014130385819045847,0.0,0.1108832479174052
944,0.944944944944945,0.23345893943540377,0.013473513519624702,0.0,0.10626086685988802
945,0.9459459459459459,0.2158438576349025,0.012816206525010799,0.0,0.10169074289298735
946,0.9469469469469469,0.19821186763354476,0.012158464403562124,0.0,0.09720322041172484
947,0.9479479479479479,0.1875854919295624,0.01086193964316888,0.0,0.09288440669134565
948,0.948948948948949,0.1768330306164123,0.007707301889364717,0.0,0.08869149441952265
949,0.94994994994995,0.1570010844557759,0.007433784456851881,0.0,0.08457492996557667
950,0.950950950950951,0.15330942295259622,0.007160191912827457,0.0,0.08055836096006207
951,0.9519519519519519,0.1496029424303276,0.006886524226347268,0.0,0.07659492476501188
952,0.9529529529529529,0.1458815534800504,0.0066127813664501435,0.0,0.07277052288982445
953,0.953953953953954,0.14214516597214352,0.006338963302157864,0.0,0.06905320789687418
954,0.954954954954955,0.12395624442491998,0.006065070002475287,0.0,0.06541951554344066
955,0.955955955955956,0.1210886800944277,0.005791101436390135,0.0,0.06182658843968715
956,0.9569569569569569,0.11821233610377545,0.005517057572873117,0.0,0.05820128675358313
957,0.9579579579579579,0.1153271720699376,0.005242938380877886,0.0,0.054866747401948884
958,0.958958958958959,0.11243314736184651,0.0049687438293409885,0.0,0.051645445191057154
959,0.95995995995996,0.10953022109848615,0.004694473887181989,0.0,0.04857212107088129
960,0.960960960960961,0.10452874784513141,0.004420128523303259,0.0,0.0457093162077918
961,0.9619619619619619,0.09748798403917679,0.0041457077065901,0.0,0.04292836850334225
962,0.9629629629629629,0.09065193965517261,0.0,0.0,0.040227926773126685
963,0.963963963963964,0.0870863970588234,0.0,0.0,0.03769816814162445
964,0.964964964964965,0.08350751286248825,0.0,0.0,0.035243376605871166
965,0.965965965965966,0.07991521204311157,0.0,0.0,0.03283739914728544
966,0.9669669669669669,0.07630941901408463,0.0,0.0,0.03052342399251917
967,0.9679679679679679,0.07104436441652048,0.0,0.0,0.028423874173854998
968,0.968968968968969,0.058859996237203775,0.0,0.0,0.026427633587731574
969,0.96996996996997,0.05330469136031583,0.0,0.0,0.02471069693960526
970,0.970970970970971,0.050216898151195975,0.0,0.0,0.023096759338592003
971,0.9719719719719719,0.04711929383893253,0.0,0.0,0.021602249115324594
972,0.9729729729729729,0.04401183158866367,0.0,0.0,0.020227279624885987
973,0.973973973973974,0.040894464266953985,0.0,0.0,0.018930237588462906
974,0.974974974974975,0.037767144439412675,0.0,0.0,0.017724091624372863
975,0.975975975975976,0.03484189501171633,0.0,0.0,0.01664935391906157
976,0.9769769769769769,0.03193761708342845,0.0,0.0,0.015600532906869257
977,0.9779779779779779,0.029024742071350074,0.0,0.0,0.014577725935257003
978,0.978978978978979,0.02610323174597652,0.0,0.0,0.013581030936260268
979,0.97997997997998,0.023173047650802372,0.0,0.0,0.012610546431199476
980,0.980980980980981,0.02023415110063217,0.0,0.0,0.01176073391860212
981,0.9819819819819819,0.0,0.0,0.0,0.010931454300753637
982,0.9829829829829829,0.0,0.0,0.0,0.010122765453193842
983,0.983983983983984,0.0,0.0,0.0,0.009334725515606813
984,0.984984984984985,0.0,0.0,0.0,0.008567392893442188
985,0.985985985985986,0.0,0.0,0.0,0.007820826259548934
986,0.986986986986987,0.0,0.0,0.0,0.007108742100278119
987,0.9879879879879879,0.0,0.0,0.0,0.006444469605207746
988,0.988988988988989,0.0,0.0,0.0,0.00585197326759224
989,0.98998998998999,0.0,0.0,0.0,0.005282781129952872
990,0.990990990990991,0.0,0.0,0.0,0.004736980392289549
991,0.991991991991992,0.0,0.0,0.0,0.00421465874494895
992,0.992992992992993,0.0,0.0,0.0,0.0037159043723078745
993,0.993993993993994,0.0,0.0,0.0,0.0032515621212195053
994,0.994994994994995,0.0,0.0,0.0,0.002866856263460004
995,0.995995995995996,0.0,0.0,0.0,0.0025184595879023837
996,0.996996996996997,0.0,0.0,0.0,0.0021902445673063317
997,0.997997997997998,0.0,0.0,0.0,0.001882275326528995
998,0.998998998998999,0.0,0.0,0.0,0.0015946162965377294
999,1.0,0.0,0.0,0.0,0.0013273322163615594
