                  epoch,         train/box_loss,         train/cls_loss,         train/dfl_loss,   metrics/precision(B),      metrics/recall(B),       metrics/mAP50(B),    metrics/mAP50-95(B),           val/box_loss,           val/cls_loss,           val/dfl_loss,                 lr/pg0,                 lr/pg1,                 lr/pg2
                      1,                 3.1528,                 4.2425,                  4.086,                0.08172,                0.03983,                0.02117,                 0.0055,                 2.8028,                 3.8082,                 3.8337,              0.0033247,              0.0033247,              0.0033247
                      2,                 2.4076,                 3.2269,                 3.1162,                 0.2648,                 0.1967,                0.13451,                0.06536,                  1.929,                 2.6881,                 2.6463,              0.0066487,              0.0066487,              0.0066487
                      3,                 1.7664,                 2.4785,                 2.2986,                 0.2499,                0.37764,                0.21759,                0.12321,                 1.6132,                 2.3892,                 2.1103,              0.0099631,              0.0099631,              0.0099631
                      4,                 1.5074,                 2.0709,                 1.9504,                0.31925,                0.48453,                0.33167,                0.21573,                 1.1796,                 1.9856,                 1.6186,              0.0099576,              0.0099576,              0.0099576
                      5,                 1.3829,                 1.8014,                 1.7781,                0.43246,                0.46027,                0.40802,                0.24779,                 1.3556,                 1.7529,                 1.6763,              0.0099434,              0.0099434,              0.0099434
                      6,                 1.3054,                 1.6715,                 1.6763,                0.47544,                0.59854,                 0.5169,                0.35744,                 1.1115,                 1.6597,                 1.4873,              0.0099293,              0.0099293,              0.0099293
                      7,                 1.2572,                 1.5642,                 1.6277,                0.48245,                0.48567,                0.49472,                0.37502,                0.96005,                 1.4276,                 1.3466,              0.0099151,              0.0099151,              0.0099151
                      8,                  1.222,                 1.5066,                 1.5895,                0.54358,                0.49526,                0.49305,                0.35245,                 1.0871,                 1.4795,                 1.4231,               0.009901,               0.009901,               0.009901
                      9,                 1.1785,                 1.4608,                 1.5459,                0.53207,                0.62294,                0.60051,                 0.4732,                0.84834,                 1.2493,                 1.2565,              0.0098869,              0.0098869,              0.0098869
                     10,                 1.1423,                  1.429,                 1.5181,                0.54413,                0.57602,                0.58096,                0.45668,                0.78673,                 1.3312,                 1.2211,              0.0098727,              0.0098727,              0.0098727
                     11,                 1.1212,                 1.3778,                  1.495,                0.58216,                0.65474,                0.61956,                0.48897,                0.82693,                 1.3602,                 1.2309,              0.0098586,              0.0098586,              0.0098586
                     12,                  1.076,                 1.3256,                 1.4505,                0.53198,                0.65668,                0.59102,                0.47709,                0.78675,                 1.2152,                 1.1873,              0.0098444,              0.0098444,              0.0098444
                     13,                 1.0502,                 1.3118,                 1.4264,                0.52055,                0.66572,                0.62758,                0.50387,                0.77038,                  1.201,                 1.1976,              0.0098303,              0.0098303,              0.0098303
                     14,                 1.0318,                 1.2693,                 1.4094,                0.59184,                0.65694,                0.65234,                0.53546,                0.73438,                 1.0291,                 1.1456,              0.0098161,              0.0098161,              0.0098161
                     15,                 1.0067,                 1.2397,                 1.3941,                0.53306,                0.68711,                0.64463,                0.51722,                0.80407,                 1.0677,                 1.2042,               0.009802,               0.009802,               0.009802
                     16,                 1.0132,                 1.2208,                  1.394,                0.60859,                0.67726,                0.67961,                0.56168,                0.72801,                 1.0013,                 1.1518,              0.0097879,              0.0097879,              0.0097879
                     17,                0.97453,                 1.1926,                 1.3653,                 0.5242,                 0.6697,                0.57754,                 0.4856,                0.68968,                 1.1754,                 1.1133,              0.0097737,              0.0097737,              0.0097737
                     18,                0.96661,                 1.1712,                 1.3459,                 0.6272,                0.72179,                0.72361,                0.61055,                0.66275,                0.95107,                 1.0855,              0.0097596,              0.0097596,              0.0097596
                     19,                0.94115,                 1.1463,                 1.3346,                0.62013,                0.73178,                0.73376,                0.60908,                0.69971,                 1.0151,                 1.1135,              0.0097454,              0.0097454,              0.0097454
                     20,                0.93544,                 1.1447,                 1.3233,                0.64884,                0.66974,                0.73391,                0.62243,                0.66242,                0.96113,                 1.0988,              0.0097313,              0.0097313,              0.0097313
                     21,                0.91908,                 1.1244,                 1.3135,                0.66097,                0.68577,                0.74854,                0.63105,                0.67633,                0.90753,                 1.1066,              0.0097171,              0.0097171,              0.0097171
                     22,                0.91581,                 1.1223,                 1.3061,                0.70759,                 0.6801,                0.75703,                0.64539,                0.63988,                0.92385,                 1.0742,               0.009703,               0.009703,               0.009703
                     23,                0.89917,                 1.0896,                 1.2962,                0.68022,                 0.6539,                0.73957,                0.64404,                0.59332,                0.97316,                 1.0343,              0.0096889,              0.0096889,              0.0096889
                     24,                 0.8932,                 1.0773,                 1.2887,                0.68633,                 0.6894,                0.76326,                0.64009,                0.68704,                0.89964,                 1.1101,              0.0096747,              0.0096747,              0.0096747
                     25,                0.87087,                 1.0575,                 1.2639,                0.72513,                0.66748,                0.77107,                0.66701,                0.60765,                0.86682,                  1.045,              0.0096606,              0.0096606,              0.0096606
                     26,                0.87834,                 1.0642,                 1.2736,                 0.7078,                0.70233,                 0.7715,                0.66661,                0.61658,                0.87416,                 1.0396,              0.0096464,              0.0096464,              0.0096464
                     27,                0.85984,                 1.0404,                  1.262,                 0.6362,                0.75521,                0.75664,                0.65671,                0.61579,                0.88566,                  1.048,              0.0096323,              0.0096323,              0.0096323
                     28,                0.86357,                 1.0399,                 1.2561,                0.69948,                0.69689,                0.77728,                0.67721,                0.60589,                0.83118,                 1.0275,              0.0096181,              0.0096181,              0.0096181
                     29,                0.86553,                 1.0461,                   1.25,                0.71941,                 0.7052,                0.78906,                0.67368,                0.61556,                0.87826,                 1.0521,               0.009604,               0.009604,               0.009604
                     30,                0.84617,                 1.0282,                 1.2489,                0.71304,                0.71312,                0.79422,                0.69014,                0.58318,                0.87876,                 1.0157,              0.0095899,              0.0095899,              0.0095899
                     31,                0.83548,                 1.0067,                 1.2407,                0.67014,                0.72605,                 0.7679,                0.67112,                0.56806,                0.84304,                 1.0068,              0.0095757,              0.0095757,              0.0095757
                     32,                0.83191,                0.99006,                  1.241,                0.69497,                0.72964,                0.78418,                0.68279,                0.58248,                0.82351,                 1.0231,              0.0095616,              0.0095616,              0.0095616
                     33,                0.84345,                 1.0019,                   1.24,                0.71061,                0.72976,                0.79002,                 0.6911,                0.57815,                0.80971,                  1.012,              0.0095474,              0.0095474,              0.0095474
                     34,                0.82565,                0.98881,                 1.2314,                0.64263,                0.73046,                0.76619,                0.67526,                 0.5776,                0.83618,                 1.0179,              0.0095333,              0.0095333,              0.0095333
                     35,                0.81654,                 0.9655,                  1.221,                0.73392,                0.71333,                0.79302,                0.70026,                0.55733,                0.80379,                0.99531,              0.0095191,              0.0095191,              0.0095191
                     36,                0.81467,                0.95028,                 1.2227,                0.69354,                0.77668,                0.81354,                0.71471,                0.55409,                0.76633,                0.98704,               0.009505,               0.009505,               0.009505
                     37,                0.81656,                0.95671,                 1.2205,                0.67213,                0.75211,                0.78259,                0.69095,                0.55916,                0.80311,                0.99419,              0.0094909,              0.0094909,              0.0094909
                     38,                0.79758,                0.94686,                 1.2117,                   0.72,                0.71383,                0.80313,                0.71091,                0.55273,                0.76799,                 1.0002,              0.0094767,              0.0094767,              0.0094767
                     39,                 0.8083,                0.94533,                 1.2121,                 0.7185,                0.75847,                0.80959,                0.71624,                0.55476,                0.77578,                 0.9904,              0.0094626,              0.0094626,              0.0094626
                     40,                0.80372,                0.94696,                 1.2136,                0.72043,                0.73704,                0.80854,                0.71406,                0.54343,                0.78102,                 0.9877,              0.0094484,              0.0094484,              0.0094484
                     41,                0.78848,                0.92289,                 1.1913,                 0.7502,                0.71567,                0.80578,                0.71686,                0.53613,                0.77804,                0.97259,              0.0094343,              0.0094343,              0.0094343
                     42,                0.78823,                0.92663,                 1.2026,                0.71248,                 0.7587,                0.81007,                0.72018,                0.53279,                0.73047,                0.97068,              0.0094201,              0.0094201,              0.0094201
                     43,                0.79038,                0.91399,                 1.1992,                0.77937,                0.69315,                 0.8134,                0.72279,                 0.5395,                0.73679,                0.98052,               0.009406,               0.009406,               0.009406
                     44,                0.78573,                0.91662,                 1.2001,                0.71071,                 0.7696,                0.82332,                0.73422,                0.53619,                0.73345,                0.97537,              0.0093919,              0.0093919,              0.0093919
                     45,                0.78194,                0.91096,                 1.1943,                0.70938,                0.76026,                0.82352,                0.73657,                0.52831,                0.73092,                0.96724,              0.0093777,              0.0093777,              0.0093777
                     46,                0.77776,                0.90091,                 1.1886,                0.70984,                0.74529,                0.81212,                0.72443,                0.53979,                0.74539,                0.98174,              0.0093636,              0.0093636,              0.0093636
                     47,                 0.7759,                 0.9001,                 1.1901,                0.73313,                0.76108,                0.82671,                0.73613,                0.53778,                0.71891,                0.98105,              0.0093494,              0.0093494,              0.0093494
                     48,                0.78206,                 0.8958,                 1.1892,                0.73843,                0.74811,                0.81859,                0.72075,                0.55552,                0.73867,                0.99373,              0.0093353,              0.0093353,              0.0093353
                     49,                0.77803,                0.88266,                 1.1906,                0.68237,                0.72438,                0.80008,                0.71615,                0.52436,                0.74735,                0.96792,              0.0093211,              0.0093211,              0.0093211
                     50,                0.76259,                 0.8792,                 1.1746,                 0.7422,                0.75947,                0.83245,                0.74055,                0.52974,                0.71707,                0.96889,               0.009307,               0.009307,               0.009307
                     51,                0.75834,                0.87726,                 1.1767,                0.75639,                0.75244,                0.83209,                 0.7457,                  0.521,                0.71097,                0.96019,              0.0092929,              0.0092929,              0.0092929
                     52,                0.76014,                0.86793,                 1.1736,                 0.7251,                 0.7774,                0.83339,                0.74543,                0.52071,                0.70919,                0.95981,              0.0092787,              0.0092787,              0.0092787
                     53,                0.75903,                0.86475,                 1.1705,                0.76616,                0.73261,                0.82826,                 0.7422,                0.51744,                0.71524,                0.96258,              0.0092646,              0.0092646,              0.0092646
                     54,                 0.7524,                0.85511,                 1.1696,                 0.7588,                0.73922,                0.83096,                0.74621,                0.51543,                0.70382,                0.95679,              0.0092504,              0.0092504,              0.0092504
                     55,                0.75105,                0.85559,                 1.1672,                0.77042,                0.72898,                0.81927,                0.73163,                0.52618,                0.72784,                0.96236,              0.0092363,              0.0092363,              0.0092363
                     56,                0.73821,                0.83146,                 1.1602,                0.71425,                0.77893,                0.81944,                0.73443,                0.50645,                0.71083,                0.94953,              0.0092221,              0.0092221,              0.0092221
                     57,                0.75228,                0.84899,                 1.1708,                0.77318,                0.75973,                0.83849,                0.75133,                0.51678,                0.68879,                0.95735,               0.009208,               0.009208,               0.009208
                     58,                0.75072,                0.84565,                 1.1598,                0.71698,                0.77525,                0.82339,                0.74307,                0.51766,                0.72008,                0.95399,              0.0091939,              0.0091939,              0.0091939
                     59,                0.73934,                0.84902,                 1.1582,                0.75483,                0.74226,                0.83396,                0.75045,                0.52047,                 0.6946,                0.95685,              0.0091797,              0.0091797,              0.0091797
                     60,                0.74897,                0.83768,                 1.1665,                0.73033,                0.76092,                0.82408,                 0.7392,                0.51911,                0.71997,                0.96313,              0.0091656,              0.0091656,              0.0091656
                     61,                0.74635,                0.83729,                 1.1566,                0.74253,                0.77114,                0.83123,                0.74887,                0.50863,                0.69375,                0.95328,              0.0091514,              0.0091514,              0.0091514
                     62,                0.74277,                0.83405,                 1.1559,                 0.7549,                0.76354,                0.83755,                0.75175,                0.52152,                 0.6852,                0.96537,              0.0091373,              0.0091373,              0.0091373
                     63,                0.73979,                0.82847,                 1.1524,                0.76754,                0.73976,                0.82645,                0.74595,                0.50632,                0.70484,                0.94986,              0.0091231,              0.0091231,              0.0091231
                     64,                 0.7293,                0.81099,                 1.1508,                0.72609,                 0.8099,                0.83671,                0.75232,                0.51418,                0.67557,                0.95612,               0.009109,               0.009109,               0.009109
                     65,                0.72901,                0.81837,                 1.1448,                0.75908,                0.76638,                0.83663,                 0.7468,                0.51554,                0.67759,                0.95895,              0.0090949,              0.0090949,              0.0090949
                     66,                0.72959,                0.81452,                 1.1495,                0.76237,                0.76068,                0.83059,                0.74511,                0.50602,                 0.6861,                0.95717,              0.0090807,              0.0090807,              0.0090807
                     67,                0.73086,                0.80525,                 1.1504,                0.77302,                0.75485,                0.83568,                0.75241,                 0.5103,                 0.6976,                0.95222,              0.0090666,              0.0090666,              0.0090666
                     68,                0.71554,                0.79866,                 1.1411,                0.78019,                0.76377,                0.84174,                0.76051,                0.50097,                0.68195,                0.93831,              0.0090524,              0.0090524,              0.0090524
                     69,                0.73232,                0.80401,                 1.1442,                0.76708,                0.74174,                0.83647,                0.75391,                0.51285,                0.68135,                0.95059,              0.0090383,              0.0090383,              0.0090383
                     70,                0.72121,                0.79806,                 1.1449,                0.77611,                0.75827,                0.83499,                0.75346,                0.50846,                0.66909,                0.95372,              0.0090241,              0.0090241,              0.0090241
                     71,                0.71928,                 0.7971,                 1.1376,                0.75694,                0.77776,                0.84719,                0.76312,                0.50853,                0.66086,                0.95165,                0.00901,                0.00901,                0.00901
                     72,                0.71427,                0.78428,                 1.1341,                0.77429,                0.75114,                0.83761,                0.75733,                0.50317,                0.68135,                0.94161,              0.0089959,              0.0089959,              0.0089959
                     73,                0.72625,                 0.7873,                 1.1392,                0.75421,                0.76639,                0.83742,                0.75477,                0.51163,                0.66542,                0.95397,              0.0089817,              0.0089817,              0.0089817
                     74,                0.71249,                0.78509,                 1.1319,                0.79425,                0.73043,                0.83724,                0.75719,                0.50202,                0.66542,                0.94623,              0.0089676,              0.0089676,              0.0089676
                     75,                0.71586,                0.78006,                 1.1407,                0.76272,                0.75977,                0.84008,                0.75866,                0.49353,                0.65842,                 0.9371,              0.0089534,              0.0089534,              0.0089534
                     76,                0.71741,                0.77634,                 1.1371,                0.75583,                0.78643,                0.84724,                0.76645,                0.49612,                0.66692,                0.93943,              0.0089393,              0.0089393,              0.0089393
                     77,                0.70721,                0.77133,                 1.1247,                0.75138,                0.78097,                0.84197,                0.75944,                0.49589,                 0.6725,                0.93778,              0.0089251,              0.0089251,              0.0089251
                     78,                0.70596,                 0.7743,                 1.1254,                0.72722,                0.80247,                0.83453,                0.75153,                0.49747,                0.67073,                0.93674,               0.008911,               0.008911,               0.008911
                     79,                0.70996,                0.76399,                 1.1325,                 0.7417,                0.79128,                0.83529,                0.75425,                0.49767,                0.67896,                0.93826,              0.0088969,              0.0088969,              0.0088969
                     80,                0.71235,                0.76309,                 1.1339,                0.72474,                0.79376,                0.83752,                0.75589,                0.49176,                0.67694,                0.93236,              0.0088827,              0.0088827,              0.0088827
                     81,                0.70327,                0.75339,                 1.1264,                0.75552,                0.78729,                0.85165,                0.76624,                0.49124,                0.65922,                0.93329,              0.0088686,              0.0088686,              0.0088686
                     82,                0.71288,                 0.7568,                 1.1286,                0.76737,                0.79035,                0.84925,                0.76893,                0.48697,                0.66092,                0.93014,              0.0088544,              0.0088544,              0.0088544
                     83,                0.69549,                0.76233,                   1.12,                0.75346,                0.78834,                0.84541,                0.76179,                 0.4949,                0.65568,                0.93482,              0.0088403,              0.0088403,              0.0088403
                     84,                0.69725,                 0.7589,                  1.126,                0.72562,                0.80811,                0.84174,                0.76141,                0.48944,                0.65651,                0.92987,              0.0088261,              0.0088261,              0.0088261
                     85,                  0.701,                0.75534,                 1.1255,                0.78916,                0.72747,                0.83307,                0.75426,                0.49046,                0.67485,                0.93251,               0.008812,               0.008812,               0.008812
                     86,                0.69569,                0.74496,                 1.1199,                0.73783,                 0.7982,                0.84761,                0.76742,                0.49348,                0.65702,                0.93351,              0.0087979,              0.0087979,              0.0087979
                     87,                0.70196,                0.74806,                 1.1246,                0.76966,                0.77008,                0.84372,                0.76241,                0.48552,                 0.6529,                 0.9257,              0.0087837,              0.0087837,              0.0087837
                     88,                0.69278,                0.74243,                   1.12,                0.73516,                0.80852,                0.84333,                0.76047,                0.49006,                0.65179,                 0.9294,              0.0087696,              0.0087696,              0.0087696
                     89,                0.69513,                0.74605,                 1.1162,                0.76595,                0.77597,                0.84438,                0.76348,                0.48676,                0.65159,                0.92097,              0.0087554,              0.0087554,              0.0087554
                     90,                0.69519,                0.73594,                 1.1166,                 0.7373,                 0.7902,                0.83875,                0.75964,                0.48709,                 0.6533,                0.92006,              0.0087413,              0.0087413,              0.0087413
                     91,                0.68408,                 0.7274,                 1.1111,                 0.7907,                0.74459,                0.84151,                0.76146,                0.48579,                0.65183,                0.92281,              0.0087271,              0.0087271,              0.0087271
                     92,                0.68924,                0.72927,                 1.1177,                 0.7745,                 0.7613,                  0.839,                0.75938,                0.48397,                0.65052,                0.92149,               0.008713,               0.008713,               0.008713
                     93,                0.69042,                0.73155,                 1.1104,                0.74136,                0.81393,                0.84224,                0.76409,                0.48274,                0.66262,                0.92319,              0.0086989,              0.0086989,              0.0086989
                     94,                0.68036,                0.72286,                 1.1137,                0.71467,                0.83648,                0.83912,                0.76147,                0.47889,                0.66001,                 0.9196,              0.0086847,              0.0086847,              0.0086847
                     95,                0.67308,                0.70958,                 1.1054,                0.72285,                0.82782,                0.84183,                 0.7618,                0.48061,                0.65048,                0.91885,              0.0086706,              0.0086706,              0.0086706
                     96,                0.68304,                0.71962,                 1.1041,                0.75394,                 0.8032,                0.84489,                0.76253,                0.47702,                0.64809,                0.91646,              0.0086564,              0.0086564,              0.0086564
                     97,                0.68397,                0.71953,                 1.1092,                0.77595,                0.76385,                0.83604,                0.75546,                0.47843,                0.65267,                0.91476,              0.0086423,              0.0086423,              0.0086423
                     98,                0.67554,                0.69945,                 1.1015,                0.78183,                0.77152,                0.83558,                0.75782,                0.47487,                0.63719,                0.91388,              0.0086281,              0.0086281,              0.0086281
                     99,                0.68207,                0.71131,                 1.1109,                0.76147,                0.79683,                0.84143,                0.76433,                0.47183,                0.63571,                0.91438,               0.008614,               0.008614,               0.008614
                    100,                0.67285,                0.71092,                 1.1049,                0.75857,                0.79602,                0.84291,                0.76596,                0.47228,                0.64005,                0.91544,              0.0085999,              0.0085999,              0.0085999
                    101,                0.68071,                0.69952,                 1.1042,                0.78811,                0.75803,                0.84483,                0.76777,                0.47285,                0.64172,                0.91436,              0.0085857,              0.0085857,              0.0085857
                    102,                0.67741,                0.71169,                 1.1011,                 0.7647,                0.79338,                0.84225,                0.76649,                0.47456,                0.64606,                0.91467,              0.0085716,              0.0085716,              0.0085716
                    103,                0.67125,                0.71389,                 1.0987,                 0.7551,                0.79453,                0.84016,                0.76608,                0.47385,                 0.6541,                0.91424,              0.0085574,              0.0085574,              0.0085574
                    104,                0.68297,                0.71089,                 1.1017,                0.77351,                0.77669,                0.84277,                0.76729,                 0.4735,                0.66313,                0.91185,              0.0085433,              0.0085433,              0.0085433
                    105,                0.67843,                0.70723,                 1.0999,                 0.7898,                0.77205,                 0.8473,                0.77262,                0.47121,                 0.6446,                0.90893,              0.0085291,              0.0085291,              0.0085291
                    106,                0.67583,                0.69817,                 1.0965,                0.79289,                0.76857,                0.84317,                0.76669,                0.47041,                0.64917,                0.91039,               0.008515,               0.008515,               0.008515
                    107,                0.66697,                0.69337,                  1.097,                0.77044,                0.78686,                0.84393,                0.76722,                0.46907,                0.64375,                 0.9105,              0.0085009,              0.0085009,              0.0085009
                    108,                0.67277,                0.69346,                 1.1011,                0.79164,                0.76105,                 0.8435,                0.76823,                0.46914,                0.64914,                0.91063,              0.0084867,              0.0084867,              0.0084867
                    109,                0.66814,                0.69048,                 1.0973,                0.77403,                0.78035,                0.84475,                0.76961,                0.47011,                0.65071,                0.91081,              0.0084726,              0.0084726,              0.0084726
                    110,                0.66734,                0.69024,                 1.0962,                0.77796,                0.78534,                0.84214,                0.76701,                0.46922,                0.64965,                0.91071,              0.0084584,              0.0084584,              0.0084584
                    111,                0.66345,                0.67708,                 1.0922,                0.76331,                0.79258,                0.84466,                0.77094,                0.47154,                0.64539,                0.91052,              0.0084443,              0.0084443,              0.0084443
                    112,                  0.663,                0.68268,                 1.0936,                0.78967,                0.76261,                0.84559,                0.77129,                0.47065,                0.64996,                0.91093,              0.0084301,              0.0084301,              0.0084301
                    113,                0.66382,                 0.6719,                 1.0952,                 0.7628,                0.78991,                0.84647,                0.77115,                 0.4709,                0.64827,                0.91269,               0.008416,               0.008416,               0.008416
                    114,                0.67137,                0.68144,                 1.0956,                0.75641,                0.81664,                0.84699,                0.77312,                 0.4724,                0.65126,                0.91318,              0.0084019,              0.0084019,              0.0084019
                    115,                0.66927,                0.68896,                 1.0908,                0.78519,                0.78536,                 0.8446,                0.77097,                0.47147,                0.65061,                 0.9109,              0.0083877,              0.0083877,              0.0083877
                    116,                0.66521,                0.67832,                  1.089,                0.80591,                0.75694,                  0.844,                 0.7696,                0.47098,                0.65599,                0.91049,              0.0083736,              0.0083736,              0.0083736
                    117,                0.67099,                0.68302,                 1.0932,                0.78411,                0.78789,                0.84422,                0.76998,                0.46968,                0.65335,                0.90869,              0.0083594,              0.0083594,              0.0083594
                    118,                0.66333,                0.66945,                 1.0908,                0.81054,                0.76603,                0.84533,                0.76987,                0.46738,                0.65619,                0.90699,              0.0083453,              0.0083453,              0.0083453
                    119,                0.66462,                0.68274,                  1.091,                 0.7904,                0.78324,                0.84576,                0.76914,                0.46843,                0.66085,                0.90765,              0.0083311,              0.0083311,              0.0083311
                    120,                0.66173,                0.67708,                 1.0893,                0.77159,                0.80249,                0.84139,                0.76393,                0.46757,                0.67149,                0.90713,               0.008317,               0.008317,               0.008317
                    121,                0.65473,                0.67059,                 1.0861,                0.78372,                0.78796,                0.84227,                0.76625,                0.46662,                0.67511,                0.90687,              0.0083029,              0.0083029,              0.0083029
                    122,                0.65512,                0.65922,                  1.079,                0.77476,                0.79242,                0.84191,                0.76616,                0.46671,                0.67215,                0.90543,              0.0082887,              0.0082887,              0.0082887
                    123,                0.65313,                0.66297,                  1.083,                0.78834,                0.77563,                0.84129,                0.76527,                0.46439,                 0.6681,                0.90448,              0.0082746,              0.0082746,              0.0082746
                    124,                0.65551,                0.67289,                 1.0823,                0.76553,                0.79573,                0.83894,                0.76418,                0.46249,                0.66522,                0.90284,              0.0082604,              0.0082604,              0.0082604
                    125,                0.64892,                0.65759,                 1.0837,                0.79706,                 0.7645,                0.83958,                0.76554,                0.46216,                0.66194,                0.90166,              0.0082463,              0.0082463,              0.0082463
                    126,                0.65044,                0.64519,                 1.0753,                0.78527,                 0.7832,                0.83689,                0.76384,                0.46197,                0.66266,                0.90132,              0.0082321,              0.0082321,              0.0082321
                    127,                0.65601,                 0.6476,                  1.082,                0.79575,                0.77341,                0.83581,                0.76191,                0.46215,                0.66412,                0.90077,               0.008218,               0.008218,               0.008218
                    128,                0.65486,                0.65175,                 1.0822,                0.79693,                0.76991,                0.83742,                0.76472,                0.46113,                0.66409,                0.89981,              0.0082039,              0.0082039,              0.0082039
                    129,                0.65598,                0.66017,                  1.089,                 0.7676,                0.80817,                0.83901,                0.76604,                0.45949,                0.66125,                0.89937,              0.0081897,              0.0081897,              0.0081897
                    130,                 0.6542,                 0.6613,                 1.0795,                0.79142,                0.77753,                0.83936,                0.76562,                 0.4585,                0.65877,                0.89864,              0.0081756,              0.0081756,              0.0081756
                    131,                0.65231,                0.65036,                 1.0817,                0.78265,                0.77895,                0.83885,                0.76653,                0.45541,                0.65871,                0.89673,              0.0081614,              0.0081614,              0.0081614
                    132,                0.64857,                0.65674,                 1.0813,                0.79226,                0.76738,                0.83908,                0.76764,                 0.4537,                0.65524,                0.89573,              0.0081473,              0.0081473,              0.0081473
                    133,                0.64598,                0.64642,                 1.0813,                0.75697,                0.80089,                0.83957,                0.76674,                0.45401,                0.65124,                0.89598,              0.0081331,              0.0081331,              0.0081331
                    134,                 0.6446,                0.63876,                 1.0741,                0.80638,                0.75734,                0.83964,                0.76652,                0.45459,                 0.6533,                 0.8968,               0.008119,               0.008119,               0.008119
                    135,                0.64468,                 0.6417,                 1.0814,                0.80335,                0.75625,                0.84034,                 0.7677,                0.45534,                0.65426,                0.89804,              0.0081049,              0.0081049,              0.0081049
                    136,                0.64868,                0.64007,                  1.079,                0.78499,                0.77305,                0.84034,                0.76832,                0.45605,                0.65498,                0.89894,              0.0080907,              0.0080907,              0.0080907
                    137,                 0.6438,                0.63883,                 1.0739,                0.77854,                 0.7818,                0.83993,                0.76813,                0.45693,                 0.6578,                0.89972,              0.0080766,              0.0080766,              0.0080766
                    138,                0.64644,                0.63839,                 1.0786,                0.76683,                0.79317,                0.83903,                0.76707,                0.45703,                0.65933,                0.89977,              0.0080624,              0.0080624,              0.0080624
                    139,                0.63589,                0.64022,                 1.0705,                0.77856,                0.77803,                0.83838,                0.76652,                0.45705,                0.65869,                0.89985,              0.0080483,              0.0080483,              0.0080483
                    140,                0.63278,                0.63679,                 1.0709,                0.77471,                0.78257,                0.83835,                0.76641,                0.45752,                 0.6571,                0.89997,              0.0080341,              0.0080341,              0.0080341
                    141,                0.64009,                0.63384,                 1.0754,                0.76514,                0.79768,                0.83785,                0.76586,                0.45696,                0.65682,                0.89934,                0.00802,                0.00802,                0.00802
                    142,                0.63932,                0.63374,                 1.0737,                0.77758,                 0.7763,                0.83744,                0.76496,                 0.4578,                0.65788,                0.90001,              0.0080059,              0.0080059,              0.0080059
                    143,                0.63905,                0.62995,                 1.0674,                  0.799,                0.75534,                0.83815,                0.76429,                0.45825,                 0.6553,                0.90019,              0.0079917,              0.0079917,              0.0079917
                    144,                0.63722,                0.62929,                  1.075,                0.80046,                0.75769,                0.83765,                0.76449,                0.45874,                0.65365,                0.90053,              0.0079776,              0.0079776,              0.0079776
                    145,                0.63934,                0.63613,                 1.0752,                0.80035,                0.75508,                0.83822,                0.76592,                0.45924,                 0.6539,                0.90052,              0.0079634,              0.0079634,              0.0079634
                    146,                0.63513,                0.63324,                 1.0721,                0.79487,                0.76086,                0.83899,                0.76766,                0.45895,                0.65426,                0.90017,              0.0079493,              0.0079493,              0.0079493
                    147,                0.63996,                0.62786,                 1.0724,                0.79877,                0.75474,                0.83967,                0.76788,                0.45866,                0.65327,                0.89939,              0.0079351,              0.0079351,              0.0079351
                    148,                0.64146,                 0.6272,                  1.067,                0.79025,                0.75891,                0.83865,                0.76695,                0.45858,                0.65473,                0.89924,               0.007921,               0.007921,               0.007921
                    149,                0.63377,                0.62267,                 1.0638,                0.79622,                0.75701,                0.83858,                0.76763,                0.45768,                0.65774,                0.89863,              0.0079069,              0.0079069,              0.0079069
                    150,                0.63573,                0.61601,                 1.0675,                0.79751,                0.75654,                0.83762,                0.76635,                0.45751,                0.66055,                0.89857,              0.0078927,              0.0078927,              0.0078927
                    151,                0.63045,                0.62489,                 1.0626,                0.80192,                0.75549,                0.83806,                0.76729,                0.45739,                 0.6604,                0.89858,              0.0078786,              0.0078786,              0.0078786
                    152,                0.64686,                0.62495,                 1.0735,                0.80122,                  0.755,                0.83836,                0.76705,                0.45682,                0.65953,                0.89827,              0.0078644,              0.0078644,              0.0078644
                    153,                0.62417,                0.61342,                 1.0634,                 0.8053,                0.75301,                0.83898,                0.76681,                0.45711,                0.65928,                0.89868,              0.0078503,              0.0078503,              0.0078503
                    154,                0.63413,                0.61346,                  1.056,                0.80105,                0.75355,                0.83821,                0.76621,                0.45743,                0.66198,                0.89868,              0.0078361,              0.0078361,              0.0078361
                    155,                0.62985,                0.61842,                 1.0666,                0.80149,                0.75553,                0.83821,                0.76572,                0.45729,                0.66183,                0.89867,               0.007822,               0.007822,               0.007822
                    156,                0.63256,                0.61345,                 1.0669,                0.75712,                0.80084,                0.83663,                0.76506,                0.45732,                0.66261,                0.89877,              0.0078079,              0.0078079,              0.0078079
                    157,                 0.6205,                 0.6025,                 1.0592,                0.75847,                0.80144,                0.83647,                0.76423,                0.45776,                0.66279,                0.89915,              0.0077937,              0.0077937,              0.0077937
                    158,                0.63761,                0.61327,                 1.0639,                0.75365,                0.80789,                0.83632,                0.76407,                0.45741,                0.66275,                0.89895,              0.0077796,              0.0077796,              0.0077796
                    159,                0.63396,                0.61615,                 1.0575,                0.75255,                0.81134,                0.83642,                0.76424,                0.45755,                0.66303,                0.89871,              0.0077654,              0.0077654,              0.0077654
                    160,                0.62664,                0.60648,                 1.0589,                0.75156,                0.81132,                0.83663,                0.76446,                0.45739,                0.66223,                0.89845,              0.0077513,              0.0077513,              0.0077513
                    161,                 0.6208,                0.60881,                 1.0572,                0.75592,                0.80729,                0.83797,                0.76491,                0.45808,                0.66184,                0.89884,              0.0077371,              0.0077371,              0.0077371
                    162,                0.62253,                0.59835,                 1.0587,                 0.7559,                0.80502,                0.83858,                0.76554,                0.45755,                0.65998,                 0.8984,               0.007723,               0.007723,               0.007723
                    163,                0.63076,                0.61238,                 1.0591,                0.76339,                0.80177,                0.83804,                 0.7648,                0.45765,                0.66055,                0.89843,              0.0077089,              0.0077089,              0.0077089
                    164,                0.62627,                0.60625,                 1.0645,                0.76258,                0.80344,                0.83787,                 0.7648,                0.45734,                0.66042,                 0.8976,              0.0076947,              0.0076947,              0.0076947
                    165,                0.63034,                0.61439,                 1.0606,                0.76544,                 0.8024,                0.83787,                0.76566,                0.45667,                0.65972,                0.89717,              0.0076806,              0.0076806,              0.0076806
                    166,                0.61929,                0.59461,                 1.0584,                0.76535,                0.80273,                0.83825,                0.76624,                0.45657,                0.65915,                0.89701,              0.0076664,              0.0076664,              0.0076664
                    167,                0.62999,                0.60201,                 1.0565,                0.76496,                0.80453,                0.83793,                  0.766,                0.45662,                0.65966,                0.89683,              0.0076523,              0.0076523,              0.0076523
                    168,                0.62106,                 0.6028,                 1.0556,                0.76449,                0.80512,                0.83808,                0.76639,                0.45606,                0.65938,                0.89643,              0.0076381,              0.0076381,              0.0076381
                    169,                0.62006,                0.59418,                 1.0538,                0.76461,                 0.8086,                0.83814,                0.76563,                0.45621,                0.65976,                0.89628,               0.007624,               0.007624,               0.007624
                    170,                0.61742,                0.58874,                  1.055,                0.76487,                0.81021,                0.83811,                0.76555,                0.45595,                0.65768,                0.89619,              0.0076099,              0.0076099,              0.0076099
                    171,                0.62397,                0.59535,                 1.0557,                0.76547,                0.81071,                0.83777,                0.76552,                0.45573,                0.65594,                0.89596,              0.0075957,              0.0075957,              0.0075957
                    172,                0.62053,                0.59136,                 1.0565,                 0.7664,                0.80691,                0.83765,                0.76465,                0.45595,                0.65377,                0.89602,              0.0075816,              0.0075816,              0.0075816
                    173,                0.61917,                0.59139,                 1.0545,                0.76468,                0.81047,                0.83771,                0.76514,                0.45574,                0.65256,                0.89592,              0.0075674,              0.0075674,              0.0075674
                    174,                0.62016,                0.59703,                 1.0554,                0.76306,                0.81279,                0.83809,                0.76589,                0.45573,                0.65192,                 0.8959,              0.0075533,              0.0075533,              0.0075533
                    175,                 0.6214,                0.59374,                  1.056,                0.76389,                0.81333,                0.83835,                0.76568,                0.45579,                0.65114,                0.89593,              0.0075391,              0.0075391,              0.0075391
                    176,                0.62236,                0.59172,                 1.0534,                 0.7622,                0.81463,                 0.8386,                0.76613,                  0.456,                0.64962,                0.89586,               0.007525,               0.007525,               0.007525
                    177,                0.61539,                0.58362,                 1.0535,                0.76286,                0.81405,                0.83895,                0.76686,                0.45617,                0.64927,                0.89582,              0.0075109,              0.0075109,              0.0075109
                    178,                0.62014,                0.57981,                 1.0496,                0.76434,                0.80947,                0.83876,                0.76641,                0.45558,                 0.6499,                0.89536,              0.0074967,              0.0074967,              0.0074967
                    179,                0.61651,                0.58532,                 1.0509,                0.76513,                0.80816,                0.83975,                0.76669,                0.45555,                0.64911,                0.89502,              0.0074826,              0.0074826,              0.0074826
                    180,                0.61476,                0.58701,                 1.0479,                 0.7658,                0.80684,                0.83908,                0.76643,                0.45521,                  0.649,                0.89457,              0.0074684,              0.0074684,              0.0074684
                    181,                0.61455,                0.57679,                 1.0472,                0.75873,                0.81724,                0.83901,                0.76586,                 0.4555,                0.64881,                0.89459,              0.0074543,              0.0074543,              0.0074543
                    182,                0.61011,                0.59056,                  1.049,                0.76642,                0.80704,                0.83867,                0.76586,                0.45536,                0.64855,                0.89445,              0.0074401,              0.0074401,              0.0074401
                    183,                0.61404,                0.58783,                 1.0428,                0.75799,                0.81761,                0.83867,                0.76577,                0.45575,                0.64895,                0.89451,               0.007426,               0.007426,               0.007426
                    184,                0.60844,                0.58185,                 1.0451,                0.76598,                0.80621,                0.83865,                0.76594,                 0.4555,                0.64847,                0.89442,              0.0074119,              0.0074119,              0.0074119
                    185,                0.61582,                0.58963,                  1.048,                0.76604,                0.80602,                0.83894,                0.76662,                0.45549,                 0.6491,                0.89452,              0.0073977,              0.0073977,              0.0073977
                    186,                0.61938,                0.58397,                 1.0493,                0.76687,                0.80683,                0.83898,                0.76663,                0.45494,                0.65021,                0.89405,              0.0073836,              0.0073836,              0.0073836
                    187,                0.60493,                0.57438,                 1.0403,                0.76471,                0.80908,                0.83914,                0.76692,                0.45464,                0.65043,                0.89373,              0.0073694,              0.0073694,              0.0073694
                    188,                0.61203,                0.57555,                 1.0449,                0.76561,                0.80806,                0.83937,                0.76686,                0.45444,                0.65015,                0.89326,              0.0073553,              0.0073553,              0.0073553
                    189,                0.61399,                0.57897,                 1.0484,                0.76716,                0.80906,                0.83953,                0.76647,                0.45417,                0.65007,                0.89309,              0.0073411,              0.0073411,              0.0073411
                    190,                0.60551,                0.56841,                 1.0425,                0.76366,                0.80922,                0.83953,                 0.7664,                0.45379,                0.64992,                0.89259,               0.007327,               0.007327,               0.007327
                    191,                0.60472,                0.57152,                 1.0448,                0.76537,                0.80922,                 0.8394,                0.76686,                 0.4537,                0.65019,                 0.8924,              0.0073129,              0.0073129,              0.0073129
                    192,                0.60952,                0.58191,                 1.0427,                0.76407,                0.80922,                0.83954,                0.76713,                0.45354,                0.65057,                0.89214,              0.0072987,              0.0072987,              0.0072987
                    193,                0.60661,                0.58119,                 1.0427,                 0.7609,                0.81192,                0.83941,                0.76645,                0.45321,                0.65029,                 0.8919,              0.0072846,              0.0072846,              0.0072846
                    194,                0.60804,                0.57582,                 1.0404,                0.76261,                0.81138,                0.83949,                 0.7675,                0.45335,                0.65034,                0.89172,              0.0072704,              0.0072704,              0.0072704
                    195,                0.60785,                0.57266,                  1.044,                0.76222,                0.81156,                0.83935,                0.76828,                 0.4532,                0.65041,                0.89139,              0.0072563,              0.0072563,              0.0072563
                    196,                0.60693,                0.57688,                 1.0441,                0.76299,                0.81041,                0.83887,                0.76755,                0.45274,                0.65101,                0.89114,              0.0072421,              0.0072421,              0.0072421
                    197,                0.60803,                 0.5672,                 1.0436,                0.76208,                 0.8116,                0.83877,                0.76689,                0.45312,                0.65067,                0.89129,               0.007228,               0.007228,               0.007228
                    198,                0.60742,                0.56506,                 1.0467,                0.76218,                0.81245,                0.83899,                0.76712,                0.45298,                 0.6507,                 0.8911,              0.0072139,              0.0072139,              0.0072139
                    199,                0.60471,                0.56886,                  1.039,                0.76203,                0.81263,                0.83892,                0.76718,                 0.4531,                0.65005,                0.89129,              0.0071997,              0.0071997,              0.0071997
                    200,                0.59885,                0.56821,                 1.0405,                0.76056,                0.81268,                0.83894,                0.76835,                0.45303,                0.65006,                0.89121,              0.0071856,              0.0071856,              0.0071856
                    201,                0.60267,                0.56268,                 1.0429,                0.76153,                0.81203,                0.83903,                0.76747,                0.45314,                0.65019,                0.89112,              0.0071714,              0.0071714,              0.0071714
                    202,                0.60352,                0.56279,                 1.0386,                0.76173,                0.81174,                0.83919,                0.76731,                0.45316,                0.64992,                0.89102,              0.0071573,              0.0071573,              0.0071573
                    203,                 0.6084,                0.56644,                 1.0418,                0.76198,                0.81139,                0.83977,                0.76824,                 0.4534,                0.64932,                0.89115,              0.0071431,              0.0071431,              0.0071431
                    204,                0.60268,                0.55696,                 1.0384,                0.76143,                0.81058,                0.84006,                0.76898,                  0.453,                0.64806,                0.89079,               0.007129,               0.007129,               0.007129
                    205,                0.60506,                0.56087,                 1.0427,                 0.7615,                 0.8093,                0.83979,                0.76869,                 0.4529,                0.64814,                0.89075,              0.0071149,              0.0071149,              0.0071149
                    206,                0.60034,                0.56282,                 1.0425,                0.76028,                0.81033,                0.83993,                0.76813,                 0.4533,                0.64797,                0.89077,              0.0071007,              0.0071007,              0.0071007
                    207,                0.60135,                0.56178,                 1.0413,                0.76063,                0.80874,                0.84029,                0.76955,                0.45312,                 0.6483,                0.89065,              0.0070866,              0.0070866,              0.0070866
                    208,                0.59473,                0.54944,                  1.036,                 0.7614,                0.80839,                0.84002,                0.76873,                0.45351,                0.64822,                0.89073,              0.0070724,              0.0070724,              0.0070724
                    209,                0.61012,                0.56203,                 1.0435,                0.76812,                0.80131,                0.84019,                0.76984,                0.45365,                0.64642,                0.89073,              0.0070583,              0.0070583,              0.0070583
                    210,                0.60189,                0.56475,                 1.0377,                0.76916,                 0.8027,                0.84021,                0.77005,                0.45335,                0.64685,                 0.8906,              0.0070441,              0.0070441,              0.0070441
                    211,                0.60048,                0.56273,                 1.0371,                 0.7695,                0.80165,                0.83994,                0.76983,                0.45336,                0.64666,                0.89058,                0.00703,                0.00703,                0.00703
                    212,                0.60225,                0.55804,                 1.0373,                0.76713,                0.80403,                0.84027,                0.77005,                0.45314,                0.64614,                0.89044,              0.0070159,              0.0070159,              0.0070159
                    213,                0.60162,                0.55453,                 1.0434,                0.77089,                0.80149,                0.84025,                0.76909,                0.45344,                0.64604,                0.89068,              0.0070017,              0.0070017,              0.0070017
                    214,                0.59753,                0.55841,                 1.0389,                0.76793,                0.80407,                0.84011,                0.76905,                0.45332,                0.64627,                0.89066,              0.0069876,              0.0069876,              0.0069876
